"comments link","post link","match path","subreddit path","time path","date path","subreddit title","time title","date title"
"raw_data/16-10-12 v2/18-25-4 v2/antiFeminist-TheRedPill/A_note_on_India_Crazy_self_ent/A_note_on_India_Crazy_self_ent___COMMENTS.html","raw_data/16-10-12 v2/18-25-4 v2/antiFeminist-TheRedPill/A_note_on_India_Crazy_self_ent/A_note_on_India_Crazy_self_ent___LINK.html","raw_data/16-10-12 v2/18-25-4 v2/antiFeminist-TheRedPill/A_note_on_India_Crazy_self_ent","raw_data/16-10-12 v2/18-25-4 v2/antiFeminist-TheRedPill","raw_data/16-10-12 v2/18-25-4 v2","raw_data/16-10-12 v2",antiFeminist-TheRedPill,"18-25-4 v2","16-10-12 v2"
"raw_data/16-10-12 v2/18-25-4 v2/antiFeminist-TheRedPill/Disproportionality_A_curious_o/Disproportionality_A_curious_o___COMMENTS.html","raw_data/16-10-12 v2/18-25-4 v2/antiFeminist-TheRedPill/Disproportionality_A_curious_o/Disproportionality_A_curious_o___LINK.html","raw_data/16-10-12 v2/18-25-4 v2/antiFeminist-TheRedPill/Disproportionality_A_curious_o","raw_data/16-10-12 v2/18-25-4 v2/antiFeminist-TheRedPill","raw_data/16-10-12 v2/18-25-4 v2","raw_data/16-10-12 v2",antiFeminist-TheRedPill,"18-25-4 v2","16-10-12 v2"
"raw_data/16-10-12 v2/18-25-4 v2/antiFeminist-TheRedPill/How_to_Recognize_Crazy_BEFORE_/How_to_Recognize_Crazy_BEFORE____COMMENTS.html","raw_data/16-10-12 v2/18-25-4 v2/antiFeminist-TheRedPill/How_to_Recognize_Crazy_BEFORE_/How_to_Recognize_Crazy_BEFORE____LINK.html","raw_data/16-10-12 v2/18-25-4 v2/antiFeminist-TheRedPill/How_to_Recognize_Crazy_BEFORE_","raw_data/16-10-12 v2/18-25-4 v2/antiFeminist-TheRedPill","raw_data/16-10-12 v2/18-25-4 v2","raw_data/16-10-12 v2",antiFeminist-TheRedPill,"18-25-4 v2","16-10-12 v2"
"raw_data/16-10-12 v2/18-25-4 v2/antiFeminist-TheRedPill/My_sister_is_a_useless_bitch_W/My_sister_is_a_useless_bitch_W___COMMENTS.html","raw_data/16-10-12 v2/18-25-4 v2/antiFeminist-TheRedPill/My_sister_is_a_useless_bitch_W/My_sister_is_a_useless_bitch_W___LINK.html","raw_data/16-10-12 v2/18-25-4 v2/antiFeminist-TheRedPill/My_sister_is_a_useless_bitch_W","raw_data/16-10-12 v2/18-25-4 v2/antiFeminist-TheRedPill","raw_data/16-10-12 v2/18-25-4 v2","raw_data/16-10-12 v2",antiFeminist-TheRedPill,"18-25-4 v2","16-10-12 v2"
"raw_data/16-10-12 v2/18-25-4 v2/antiFeminist-TheRedPill/Racial_preferences_and_politic/Racial_preferences_and_politic___COMMENTS.html","raw_data/16-10-12 v2/18-25-4 v2/antiFeminist-TheRedPill/Racial_preferences_and_politic/Racial_preferences_and_politic___LINK.html","raw_data/16-10-12 v2/18-25-4 v2/antiFeminist-TheRedPill/Racial_preferences_and_politic","raw_data/16-10-12 v2/18-25-4 v2/antiFeminist-TheRedPill","raw_data/16-10-12 v2/18-25-4 v2","raw_data/16-10-12 v2",antiFeminist-TheRedPill,"18-25-4 v2","16-10-12 v2"
"raw_data/16-10-12 v2/18-25-4 v2/antiFeminist-TheRedPill/Selecting_a_wife_you_can_lower/Selecting_a_wife_you_can_lower___COMMENTS.html","raw_data/16-10-12 v2/18-25-4 v2/antiFeminist-TheRedPill/Selecting_a_wife_you_can_lower/Selecting_a_wife_you_can_lower___LINK.html","raw_data/16-10-12 v2/18-25-4 v2/antiFeminist-TheRedPill/Selecting_a_wife_you_can_lower","raw_data/16-10-12 v2/18-25-4 v2/antiFeminist-TheRedPill","raw_data/16-10-12 v2/18-25-4 v2","raw_data/16-10-12 v2",antiFeminist-TheRedPill,"18-25-4 v2","16-10-12 v2"
"raw_data/16-10-12 v2/18-25-4 v2/default-DIY/Suggestions_for_Shed_Studio_Fl/Suggestions_for_Shed_Studio_Fl___COMMENTS.html","raw_data/16-10-12 v2/18-25-4 v2/default-DIY/Suggestions_for_Shed_Studio_Fl/Suggestions_for_Shed_Studio_Fl___LINK.html","raw_data/16-10-12 v2/18-25-4 v2/default-DIY/Suggestions_for_Shed_Studio_Fl","raw_data/16-10-12 v2/18-25-4 v2/default-DIY","raw_data/16-10-12 v2/18-25-4 v2","raw_data/16-10-12 v2",default-DIY,"18-25-4 v2","16-10-12 v2"
"raw_data/16-10-12 v2/18-25-4 v2/default-Documentaries/The_Perverted_World_of_Marc_Du/The_Perverted_World_of_Marc_Du___COMMENTS.html","raw_data/16-10-12 v2/18-25-4 v2/default-Documentaries/The_Perverted_World_of_Marc_Du/The_Perverted_World_of_Marc_Du___LINK.html","raw_data/16-10-12 v2/18-25-4 v2/default-Documentaries/The_Perverted_World_of_Marc_Du","raw_data/16-10-12 v2/18-25-4 v2/default-Documentaries","raw_data/16-10-12 v2/18-25-4 v2","raw_data/16-10-12 v2",default-Documentaries,"18-25-4 v2","16-10-12 v2"
"raw_data/16-10-12 v2/18-25-4 v2/default-Futurology/Differentiable_neural_computer/Differentiable_neural_computer___COMMENTS.html","raw_data/16-10-12 v2/18-25-4 v2/default-Futurology/Differentiable_neural_computer/Differentiable_neural_computer___LINK.html","raw_data/16-10-12 v2/18-25-4 v2/default-Futurology/Differentiable_neural_computer","raw_data/16-10-12 v2/18-25-4 v2/default-Futurology","raw_data/16-10-12 v2/18-25-4 v2","raw_data/16-10-12 v2",default-Futurology,"18-25-4 v2","16-10-12 v2"
"raw_data/16-10-12 v2/18-25-4 v2/default-Futurology/How_fear_of_nuclear_power_is_h/How_fear_of_nuclear_power_is_h___COMMENTS.html","raw_data/16-10-12 v2/18-25-4 v2/default-Futurology/How_fear_of_nuclear_power_is_h/How_fear_of_nuclear_power_is_h___LINK.html","raw_data/16-10-12 v2/18-25-4 v2/default-Futurology/How_fear_of_nuclear_power_is_h","raw_data/16-10-12 v2/18-25-4 v2/default-Futurology","raw_data/16-10-12 v2/18-25-4 v2","raw_data/16-10-12 v2",default-Futurology,"18-25-4 v2","16-10-12 v2"
"raw_data/16-10-12 v2/18-25-4 v2/default-Futurology/Peter_Diamandis_-_Next_year_we/Peter_Diamandis_-_Next_year_we___COMMENTS.html","raw_data/16-10-12 v2/18-25-4 v2/default-Futurology/Peter_Diamandis_-_Next_year_we/Peter_Diamandis_-_Next_year_we___LINK.html","raw_data/16-10-12 v2/18-25-4 v2/default-Futurology/Peter_Diamandis_-_Next_year_we","raw_data/16-10-12 v2/18-25-4 v2/default-Futurology","raw_data/16-10-12 v2/18-25-4 v2","raw_data/16-10-12 v2",default-Futurology,"18-25-4 v2","16-10-12 v2"
"raw_data/16-10-12 v2/18-25-4 v2/default-Futurology/Physicist_who_helped_discover_/Physicist_who_helped_discover____COMMENTS.html","raw_data/16-10-12 v2/18-25-4 v2/default-Futurology/Physicist_who_helped_discover_/Physicist_who_helped_discover____LINK.html","raw_data/16-10-12 v2/18-25-4 v2/default-Futurology/Physicist_who_helped_discover_","raw_data/16-10-12 v2/18-25-4 v2/default-Futurology","raw_data/16-10-12 v2/18-25-4 v2","raw_data/16-10-12 v2",default-Futurology,"18-25-4 v2","16-10-12 v2"
"raw_data/16-10-12 v2/18-25-4 v2/default-Futurology/You_Cant_Upload_Your_Self_Into/You_Cant_Upload_Your_Self_Into___COMMENTS.html","raw_data/16-10-12 v2/18-25-4 v2/default-Futurology/You_Cant_Upload_Your_Self_Into/You_Cant_Upload_Your_Self_Into___LINK.html","raw_data/16-10-12 v2/18-25-4 v2/default-Futurology/You_Cant_Upload_Your_Self_Into","raw_data/16-10-12 v2/18-25-4 v2/default-Futurology","raw_data/16-10-12 v2/18-25-4 v2","raw_data/16-10-12 v2",default-Futurology,"18-25-4 v2","16-10-12 v2"
"raw_data/16-10-12 v2/18-25-4 v2/default-InternetIsBeautiful/Catch_and_throw_paper_planes_w/Catch_and_throw_paper_planes_w___COMMENTS.html","raw_data/16-10-12 v2/18-25-4 v2/default-InternetIsBeautiful/Catch_and_throw_paper_planes_w/Catch_and_throw_paper_planes_w___LINK.html","raw_data/16-10-12 v2/18-25-4 v2/default-InternetIsBeautiful/Catch_and_throw_paper_planes_w","raw_data/16-10-12 v2/18-25-4 v2/default-InternetIsBeautiful","raw_data/16-10-12 v2/18-25-4 v2","raw_data/16-10-12 v2",default-InternetIsBeautiful,"18-25-4 v2","16-10-12 v2"
"raw_data/16-10-12 v2/18-25-4 v2/default-InternetIsBeautiful/Learn_to_code_writing_a_ga/Learn_to_code_writing_a_ga___COMMENTS.html","raw_data/16-10-12 v2/18-25-4 v2/default-InternetIsBeautiful/Learn_to_code_writing_a_ga/Learn_to_code_writing_a_ga___LINK.html","raw_data/16-10-12 v2/18-25-4 v2/default-InternetIsBeautiful/Learn_to_code_writing_a_ga","raw_data/16-10-12 v2/18-25-4 v2/default-InternetIsBeautiful","raw_data/16-10-12 v2/18-25-4 v2","raw_data/16-10-12 v2",default-InternetIsBeautiful,"18-25-4 v2","16-10-12 v2"
"raw_data/16-10-12 v2/18-25-4 v2/default-InternetIsBeautiful/Mausr_-_this_website_detects_h/Mausr_-_this_website_detects_h___COMMENTS.html","raw_data/16-10-12 v2/18-25-4 v2/default-InternetIsBeautiful/Mausr_-_this_website_detects_h/Mausr_-_this_website_detects_h___LINK.html","raw_data/16-10-12 v2/18-25-4 v2/default-InternetIsBeautiful/Mausr_-_this_website_detects_h","raw_data/16-10-12 v2/18-25-4 v2/default-InternetIsBeautiful","raw_data/16-10-12 v2/18-25-4 v2","raw_data/16-10-12 v2",default-InternetIsBeautiful,"18-25-4 v2","16-10-12 v2"
"raw_data/16-10-12 v2/18-25-4 v2/default-Jokes/Vicky_gets_her_helicopter_ri/Vicky_gets_her_helicopter_ri___COMMENTS.html","raw_data/16-10-12 v2/18-25-4 v2/default-Jokes/Vicky_gets_her_helicopter_ri/Vicky_gets_her_helicopter_ri___LINK.html","raw_data/16-10-12 v2/18-25-4 v2/default-Jokes/Vicky_gets_her_helicopter_ri","raw_data/16-10-12 v2/18-25-4 v2/default-Jokes","raw_data/16-10-12 v2/18-25-4 v2","raw_data/16-10-12 v2",default-Jokes,"18-25-4 v2","16-10-12 v2"
"raw_data/16-10-12 v2/18-25-4 v2/default-LifeProTips/Compiling_a_List_Commonly_Subm/Compiling_a_List_Commonly_Subm___COMMENTS.html","raw_data/16-10-12 v2/18-25-4 v2/default-LifeProTips/Compiling_a_List_Commonly_Subm/Compiling_a_List_Commonly_Subm___LINK.html","raw_data/16-10-12 v2/18-25-4 v2/default-LifeProTips/Compiling_a_List_Commonly_Subm","raw_data/16-10-12 v2/18-25-4 v2/default-LifeProTips","raw_data/16-10-12 v2/18-25-4 v2","raw_data/16-10-12 v2",default-LifeProTips,"18-25-4 v2","16-10-12 v2"
"raw_data/16-10-12 v2/18-25-4 v2/default-LifeProTips/LPT_For_those_pistachios_you_c/LPT_For_those_pistachios_you_c___COMMENTS.html","raw_data/16-10-12 v2/18-25-4 v2/default-LifeProTips/LPT_For_those_pistachios_you_c/LPT_For_those_pistachios_you_c___LINK.html","raw_data/16-10-12 v2/18-25-4 v2/default-LifeProTips/LPT_For_those_pistachios_you_c","raw_data/16-10-12 v2/18-25-4 v2/default-LifeProTips","raw_data/16-10-12 v2/18-25-4 v2","raw_data/16-10-12 v2",default-LifeProTips,"18-25-4 v2","16-10-12 v2"
"raw_data/16-10-12 v2/18-25-4 v2/default-Music/Portishead_-_Glory_Box_Trip_Ho/Portishead_-_Glory_Box_Trip_Ho___COMMENTS.html","raw_data/16-10-12 v2/18-25-4 v2/default-Music/Portishead_-_Glory_Box_Trip_Ho/Portishead_-_Glory_Box_Trip_Ho___LINK.html","raw_data/16-10-12 v2/18-25-4 v2/default-Music/Portishead_-_Glory_Box_Trip_Ho","raw_data/16-10-12 v2/18-25-4 v2/default-Music","raw_data/16-10-12 v2/18-25-4 v2","raw_data/16-10-12 v2",default-Music,"18-25-4 v2","16-10-12 v2"
"raw_data/16-10-12 v2/18-25-4 v2/default-OldSchoolCool/This_little_girl_having_a_tea_/This_little_girl_having_a_tea____COMMENTS.html","raw_data/16-10-12 v2/18-25-4 v2/default-OldSchoolCool/This_little_girl_having_a_tea_/This_little_girl_having_a_tea____LINK.html","raw_data/16-10-12 v2/18-25-4 v2/default-OldSchoolCool/This_little_girl_having_a_tea_","raw_data/16-10-12 v2/18-25-4 v2/default-OldSchoolCool","raw_data/16-10-12 v2/18-25-4 v2","raw_data/16-10-12 v2",default-OldSchoolCool,"18-25-4 v2","16-10-12 v2"
"raw_data/16-10-12 v2/18-25-4 v2/default-Showerthoughts/I_have_two_cushions_My_wife_bo/I_have_two_cushions_My_wife_bo___COMMENTS.html","raw_data/16-10-12 v2/18-25-4 v2/default-Showerthoughts/I_have_two_cushions_My_wife_bo/I_have_two_cushions_My_wife_bo___LINK.html","raw_data/16-10-12 v2/18-25-4 v2/default-Showerthoughts/I_have_two_cushions_My_wife_bo","raw_data/16-10-12 v2/18-25-4 v2/default-Showerthoughts","raw_data/16-10-12 v2/18-25-4 v2","raw_data/16-10-12 v2",default-Showerthoughts,"18-25-4 v2","16-10-12 v2"
"raw_data/16-10-12 v2/18-25-4 v2/default-Showerthoughts/If_I_put_a_wool_sweater_on_my_/If_I_put_a_wool_sweater_on_my____COMMENTS.html","raw_data/16-10-12 v2/18-25-4 v2/default-Showerthoughts/If_I_put_a_wool_sweater_on_my_/If_I_put_a_wool_sweater_on_my____LINK.html","raw_data/16-10-12 v2/18-25-4 v2/default-Showerthoughts/If_I_put_a_wool_sweater_on_my_","raw_data/16-10-12 v2/18-25-4 v2/default-Showerthoughts","raw_data/16-10-12 v2/18-25-4 v2","raw_data/16-10-12 v2",default-Showerthoughts,"18-25-4 v2","16-10-12 v2"
"raw_data/16-10-12 v2/18-25-4 v2/default-TwoXChromosomes/CoverGirl_Announces_its_First_/CoverGirl_Announces_its_First____COMMENTS.html","raw_data/16-10-12 v2/18-25-4 v2/default-TwoXChromosomes/CoverGirl_Announces_its_First_/CoverGirl_Announces_its_First____LINK.html","raw_data/16-10-12 v2/18-25-4 v2/default-TwoXChromosomes/CoverGirl_Announces_its_First_","raw_data/16-10-12 v2/18-25-4 v2/default-TwoXChromosomes","raw_data/16-10-12 v2/18-25-4 v2","raw_data/16-10-12 v2",default-TwoXChromosomes,"18-25-4 v2","16-10-12 v2"
"raw_data/16-10-12 v2/18-25-4 v2/default-TwoXChromosomes/Female_graduate_working_in_Lon/Female_graduate_working_in_Lon___COMMENTS.html","raw_data/16-10-12 v2/18-25-4 v2/default-TwoXChromosomes/Female_graduate_working_in_Lon/Female_graduate_working_in_Lon___LINK.html","raw_data/16-10-12 v2/18-25-4 v2/default-TwoXChromosomes/Female_graduate_working_in_Lon","raw_data/16-10-12 v2/18-25-4 v2/default-TwoXChromosomes","raw_data/16-10-12 v2/18-25-4 v2","raw_data/16-10-12 v2",default-TwoXChromosomes,"18-25-4 v2","16-10-12 v2"
"raw_data/16-10-12 v2/18-25-4 v2/default-TwoXChromosomes/HRC_campaign_quotAnyway_the_po/HRC_campaign_quotAnyway_the_po___COMMENTS.html","raw_data/16-10-12 v2/18-25-4 v2/default-TwoXChromosomes/HRC_campaign_quotAnyway_the_po/HRC_campaign_quotAnyway_the_po___LINK.html","raw_data/16-10-12 v2/18-25-4 v2/default-TwoXChromosomes/HRC_campaign_quotAnyway_the_po","raw_data/16-10-12 v2/18-25-4 v2/default-TwoXChromosomes","raw_data/16-10-12 v2/18-25-4 v2","raw_data/16-10-12 v2",default-TwoXChromosomes,"18-25-4 v2","16-10-12 v2"
"raw_data/16-10-12 v2/18-25-4 v2/default-TwoXChromosomes/Icelandic_MP_breastfeeding_her/Icelandic_MP_breastfeeding_her___COMMENTS.html","raw_data/16-10-12 v2/18-25-4 v2/default-TwoXChromosomes/Icelandic_MP_breastfeeding_her/Icelandic_MP_breastfeeding_her___LINK.html","raw_data/16-10-12 v2/18-25-4 v2/default-TwoXChromosomes/Icelandic_MP_breastfeeding_her","raw_data/16-10-12 v2/18-25-4 v2/default-TwoXChromosomes","raw_data/16-10-12 v2/18-25-4 v2","raw_data/16-10-12 v2",default-TwoXChromosomes,"18-25-4 v2","16-10-12 v2"
"raw_data/16-10-12 v2/18-25-4 v2/default-TwoXChromosomes/Looking_for_some_perspective_r/Looking_for_some_perspective_r___COMMENTS.html","raw_data/16-10-12 v2/18-25-4 v2/default-TwoXChromosomes/Looking_for_some_perspective_r/Looking_for_some_perspective_r___LINK.html","raw_data/16-10-12 v2/18-25-4 v2/default-TwoXChromosomes/Looking_for_some_perspective_r","raw_data/16-10-12 v2/18-25-4 v2/default-TwoXChromosomes","raw_data/16-10-12 v2/18-25-4 v2","raw_data/16-10-12 v2",default-TwoXChromosomes,"18-25-4 v2","16-10-12 v2"
"raw_data/16-10-12 v2/18-25-4 v2/default-TwoXChromosomes/Miss_USA_teens_say_he_walked_i/Miss_USA_teens_say_he_walked_i___COMMENTS.html","raw_data/16-10-12 v2/18-25-4 v2/default-TwoXChromosomes/Miss_USA_teens_say_he_walked_i/Miss_USA_teens_say_he_walked_i___LINK.html","raw_data/16-10-12 v2/18-25-4 v2/default-TwoXChromosomes/Miss_USA_teens_say_he_walked_i","raw_data/16-10-12 v2/18-25-4 v2/default-TwoXChromosomes","raw_data/16-10-12 v2/18-25-4 v2","raw_data/16-10-12 v2",default-TwoXChromosomes,"18-25-4 v2","16-10-12 v2"
"raw_data/16-10-12 v2/18-25-4 v2/default-TwoXChromosomes/My_GCaunt_got_mad_at_me_when_I/My_GCaunt_got_mad_at_me_when_I___COMMENTS.html","raw_data/16-10-12 v2/18-25-4 v2/default-TwoXChromosomes/My_GCaunt_got_mad_at_me_when_I/My_GCaunt_got_mad_at_me_when_I___LINK.html","raw_data/16-10-12 v2/18-25-4 v2/default-TwoXChromosomes/My_GCaunt_got_mad_at_me_when_I","raw_data/16-10-12 v2/18-25-4 v2/default-TwoXChromosomes","raw_data/16-10-12 v2/18-25-4 v2","raw_data/16-10-12 v2",default-TwoXChromosomes,"18-25-4 v2","16-10-12 v2"
"raw_data/16-10-12 v2/18-25-4 v2/default-TwoXChromosomes/My_lying_cheating_husband_of_a/My_lying_cheating_husband_of_a___COMMENTS.html","raw_data/16-10-12 v2/18-25-4 v2/default-TwoXChromosomes/My_lying_cheating_husband_of_a/My_lying_cheating_husband_of_a___LINK.html","raw_data/16-10-12 v2/18-25-4 v2/default-TwoXChromosomes/My_lying_cheating_husband_of_a","raw_data/16-10-12 v2/18-25-4 v2/default-TwoXChromosomes","raw_data/16-10-12 v2/18-25-4 v2","raw_data/16-10-12 v2",default-TwoXChromosomes,"18-25-4 v2","16-10-12 v2"
"raw_data/16-10-12 v2/18-25-4 v2/default-TwoXChromosomes/Somalias_female_presidential_c/Somalias_female_presidential_c___COMMENTS.html","raw_data/16-10-12 v2/18-25-4 v2/default-TwoXChromosomes/Somalias_female_presidential_c/Somalias_female_presidential_c___LINK.html","raw_data/16-10-12 v2/18-25-4 v2/default-TwoXChromosomes/Somalias_female_presidential_c","raw_data/16-10-12 v2/18-25-4 v2/default-TwoXChromosomes","raw_data/16-10-12 v2/18-25-4 v2","raw_data/16-10-12 v2",default-TwoXChromosomes,"18-25-4 v2","16-10-12 v2"
"raw_data/16-10-12 v2/18-25-4 v2/default-TwoXChromosomes/The_Groundbreaking_Life_of_Mur/The_Groundbreaking_Life_of_Mur___COMMENTS.html","raw_data/16-10-12 v2/18-25-4 v2/default-TwoXChromosomes/The_Groundbreaking_Life_of_Mur/The_Groundbreaking_Life_of_Mur___LINK.html","raw_data/16-10-12 v2/18-25-4 v2/default-TwoXChromosomes/The_Groundbreaking_Life_of_Mur","raw_data/16-10-12 v2/18-25-4 v2/default-TwoXChromosomes","raw_data/16-10-12 v2/18-25-4 v2","raw_data/16-10-12 v2",default-TwoXChromosomes,"18-25-4 v2","16-10-12 v2"
"raw_data/16-10-12 v2/18-25-4 v2/default-TwoXChromosomes/The_Problem_Girl_Narrativethe_/The_Problem_Girl_Narrativethe____COMMENTS.html","raw_data/16-10-12 v2/18-25-4 v2/default-TwoXChromosomes/The_Problem_Girl_Narrativethe_/The_Problem_Girl_Narrativethe____LINK.html","raw_data/16-10-12 v2/18-25-4 v2/default-TwoXChromosomes/The_Problem_Girl_Narrativethe_","raw_data/16-10-12 v2/18-25-4 v2/default-TwoXChromosomes","raw_data/16-10-12 v2/18-25-4 v2","raw_data/16-10-12 v2",default-TwoXChromosomes,"18-25-4 v2","16-10-12 v2"
"raw_data/16-10-12 v2/18-25-4 v2/default-TwoXChromosomes/We_will_strive_to_ensure_that_/We_will_strive_to_ensure_that____COMMENTS.html","raw_data/16-10-12 v2/18-25-4 v2/default-TwoXChromosomes/We_will_strive_to_ensure_that_/We_will_strive_to_ensure_that____LINK.html","raw_data/16-10-12 v2/18-25-4 v2/default-TwoXChromosomes/We_will_strive_to_ensure_that_","raw_data/16-10-12 v2/18-25-4 v2/default-TwoXChromosomes","raw_data/16-10-12 v2/18-25-4 v2","raw_data/16-10-12 v2",default-TwoXChromosomes,"18-25-4 v2","16-10-12 v2"
"raw_data/16-10-12 v2/18-25-4 v2/default-TwoXChromosomes/Woman_who_survived_Isis_gang-r/Woman_who_survived_Isis_gang-r___COMMENTS.html","raw_data/16-10-12 v2/18-25-4 v2/default-TwoXChromosomes/Woman_who_survived_Isis_gang-r/Woman_who_survived_Isis_gang-r___LINK.html","raw_data/16-10-12 v2/18-25-4 v2/default-TwoXChromosomes/Woman_who_survived_Isis_gang-r","raw_data/16-10-12 v2/18-25-4 v2/default-TwoXChromosomes","raw_data/16-10-12 v2/18-25-4 v2","raw_data/16-10-12 v2",default-TwoXChromosomes,"18-25-4 v2","16-10-12 v2"
"raw_data/16-10-12 v2/18-25-4 v2/default-UpliftingNews/9-Year-Old_Sells_Lemonade_to_P/9-Year-Old_Sells_Lemonade_to_P___COMMENTS.html","raw_data/16-10-12 v2/18-25-4 v2/default-UpliftingNews/9-Year-Old_Sells_Lemonade_to_P/9-Year-Old_Sells_Lemonade_to_P___LINK.html","raw_data/16-10-12 v2/18-25-4 v2/default-UpliftingNews/9-Year-Old_Sells_Lemonade_to_P","raw_data/16-10-12 v2/18-25-4 v2/default-UpliftingNews","raw_data/16-10-12 v2/18-25-4 v2","raw_data/16-10-12 v2",default-UpliftingNews,"18-25-4 v2","16-10-12 v2"
"raw_data/16-10-12 v2/18-25-4 v2/default-UpliftingNews/A_girl_from_my_hometown_in_Mis/A_girl_from_my_hometown_in_Mis___COMMENTS.html","raw_data/16-10-12 v2/18-25-4 v2/default-UpliftingNews/A_girl_from_my_hometown_in_Mis/A_girl_from_my_hometown_in_Mis___LINK.html","raw_data/16-10-12 v2/18-25-4 v2/default-UpliftingNews/A_girl_from_my_hometown_in_Mis","raw_data/16-10-12 v2/18-25-4 v2/default-UpliftingNews","raw_data/16-10-12 v2/18-25-4 v2","raw_data/16-10-12 v2",default-UpliftingNews,"18-25-4 v2","16-10-12 v2"
,,"raw_data/16-10-12 v2/18-25-4 v2/default-UpliftingNews/Cards_Against_Humanity_scholar","raw_data/16-10-12 v2/18-25-4 v2/default-UpliftingNews","raw_data/16-10-12 v2/18-25-4 v2","raw_data/16-10-12 v2",default-UpliftingNews,"18-25-4 v2","16-10-12 v2"
"raw_data/16-10-12 v2/18-25-4 v2/default-UpliftingNews/Girl_with_cancer_uses_Make_A_W/Girl_with_cancer_uses_Make_A_W___COMMENTS.html","raw_data/16-10-12 v2/18-25-4 v2/default-UpliftingNews/Girl_with_cancer_uses_Make_A_W/Girl_with_cancer_uses_Make_A_W___LINK.html","raw_data/16-10-12 v2/18-25-4 v2/default-UpliftingNews/Girl_with_cancer_uses_Make_A_W","raw_data/16-10-12 v2/18-25-4 v2/default-UpliftingNews","raw_data/16-10-12 v2/18-25-4 v2","raw_data/16-10-12 v2",default-UpliftingNews,"18-25-4 v2","16-10-12 v2"
"raw_data/16-10-12 v2/18-25-4 v2/default-UpliftingNews/With_CRISPR_scientists_correct/With_CRISPR_scientists_correct___COMMENTS.html","raw_data/16-10-12 v2/18-25-4 v2/default-UpliftingNews/With_CRISPR_scientists_correct/With_CRISPR_scientists_correct___LINK.html","raw_data/16-10-12 v2/18-25-4 v2/default-UpliftingNews/With_CRISPR_scientists_correct","raw_data/16-10-12 v2/18-25-4 v2/default-UpliftingNews","raw_data/16-10-12 v2/18-25-4 v2","raw_data/16-10-12 v2",default-UpliftingNews,"18-25-4 v2","16-10-12 v2"
"raw_data/16-10-12 v2/18-25-4 v2/default-WritingPrompts/WP_A_group_of_drunks_break_ope/WP_A_group_of_drunks_break_ope___COMMENTS.html","raw_data/16-10-12 v2/18-25-4 v2/default-WritingPrompts/WP_A_group_of_drunks_break_ope/WP_A_group_of_drunks_break_ope___LINK.html","raw_data/16-10-12 v2/18-25-4 v2/default-WritingPrompts/WP_A_group_of_drunks_break_ope","raw_data/16-10-12 v2/18-25-4 v2/default-WritingPrompts","raw_data/16-10-12 v2/18-25-4 v2","raw_data/16-10-12 v2",default-WritingPrompts,"18-25-4 v2","16-10-12 v2"
"raw_data/16-10-12 v2/18-25-4 v2/default-aww/Reddit_meet_Smudge_Just_got_ho/Reddit_meet_Smudge_Just_got_ho___COMMENTS.html","raw_data/16-10-12 v2/18-25-4 v2/default-aww/Reddit_meet_Smudge_Just_got_ho/Reddit_meet_Smudge_Just_got_ho___LINK.html","raw_data/16-10-12 v2/18-25-4 v2/default-aww/Reddit_meet_Smudge_Just_got_ho","raw_data/16-10-12 v2/18-25-4 v2/default-aww","raw_data/16-10-12 v2/18-25-4 v2","raw_data/16-10-12 v2",default-aww,"18-25-4 v2","16-10-12 v2"
"raw_data/16-10-12 v2/18-25-4 v2/default-aww/She_cant_handle_lemo/She_cant_handle_lemo___COMMENTS.html","raw_data/16-10-12 v2/18-25-4 v2/default-aww/She_cant_handle_lemo/She_cant_handle_lemo___LINK.html","raw_data/16-10-12 v2/18-25-4 v2/default-aww/She_cant_handle_lemo","raw_data/16-10-12 v2/18-25-4 v2/default-aww","raw_data/16-10-12 v2/18-25-4 v2","raw_data/16-10-12 v2",default-aww,"18-25-4 v2","16-10-12 v2"
"raw_data/16-10-12 v2/18-25-4 v2/default-books/25_years_since_the_death_of_Ar/25_years_since_the_death_of_Ar___COMMENTS.html","raw_data/16-10-12 v2/18-25-4 v2/default-books/25_years_since_the_death_of_Ar/25_years_since_the_death_of_Ar___LINK.html","raw_data/16-10-12 v2/18-25-4 v2/default-books/25_years_since_the_death_of_Ar","raw_data/16-10-12 v2/18-25-4 v2/default-books","raw_data/16-10-12 v2/18-25-4 v2","raw_data/16-10-12 v2",default-books,"18-25-4 v2","16-10-12 v2"
"raw_data/16-10-12 v2/18-25-4 v2/default-books/We_are_five_successful_indie_c/We_are_five_successful_indie_c___COMMENTS.html","raw_data/16-10-12 v2/18-25-4 v2/default-books/We_are_five_successful_indie_c/We_are_five_successful_indie_c___LINK.html","raw_data/16-10-12 v2/18-25-4 v2/default-books/We_are_five_successful_indie_c","raw_data/16-10-12 v2/18-25-4 v2/default-books","raw_data/16-10-12 v2/18-25-4 v2","raw_data/16-10-12 v2",default-books,"18-25-4 v2","16-10-12 v2"
"raw_data/16-10-12 v2/18-25-4 v2/default-explainlikeimfive/ELI5_I_watched_a_show_about_an/ELI5_I_watched_a_show_about_an___COMMENTS.html","raw_data/16-10-12 v2/18-25-4 v2/default-explainlikeimfive/ELI5_I_watched_a_show_about_an/ELI5_I_watched_a_show_about_an___LINK.html","raw_data/16-10-12 v2/18-25-4 v2/default-explainlikeimfive/ELI5_I_watched_a_show_about_an","raw_data/16-10-12 v2/18-25-4 v2/default-explainlikeimfive","raw_data/16-10-12 v2/18-25-4 v2","raw_data/16-10-12 v2",default-explainlikeimfive,"18-25-4 v2","16-10-12 v2"
"raw_data/16-10-12 v2/18-25-4 v2/default-funny/2016_in_a_nutshe/2016_in_a_nutshe___COMMENTS.html","raw_data/16-10-12 v2/18-25-4 v2/default-funny/2016_in_a_nutshe/2016_in_a_nutshe___LINK.html","raw_data/16-10-12 v2/18-25-4 v2/default-funny/2016_in_a_nutshe","raw_data/16-10-12 v2/18-25-4 v2/default-funny","raw_data/16-10-12 v2/18-25-4 v2","raw_data/16-10-12 v2",default-funny,"18-25-4 v2","16-10-12 v2"
"raw_data/16-10-12 v2/18-25-4 v2/default-funny/And_Thats_why_i_Dont_Have_A_Gi/And_Thats_why_i_Dont_Have_A_Gi___COMMENTS.html","raw_data/16-10-12 v2/18-25-4 v2/default-funny/And_Thats_why_i_Dont_Have_A_Gi/And_Thats_why_i_Dont_Have_A_Gi___LINK.html","raw_data/16-10-12 v2/18-25-4 v2/default-funny/And_Thats_why_i_Dont_Have_A_Gi","raw_data/16-10-12 v2/18-25-4 v2/default-funny","raw_data/16-10-12 v2/18-25-4 v2","raw_data/16-10-12 v2",default-funny,"18-25-4 v2","16-10-12 v2"
"raw_data/16-10-12 v2/18-25-4 v2/default-gadgets/Google_says_the_Pixel_has_the_/Google_says_the_Pixel_has_the____COMMENTS.html","raw_data/16-10-12 v2/18-25-4 v2/default-gadgets/Google_says_the_Pixel_has_the_/Google_says_the_Pixel_has_the____LINK.html","raw_data/16-10-12 v2/18-25-4 v2/default-gadgets/Google_says_the_Pixel_has_the_","raw_data/16-10-12 v2/18-25-4 v2/default-gadgets","raw_data/16-10-12 v2/18-25-4 v2","raw_data/16-10-12 v2",default-gadgets,"18-25-4 v2","16-10-12 v2"
"raw_data/16-10-12 v2/18-25-4 v2/default-gadgets/HPs_Elite_x3_Windows_phone_wil/HPs_Elite_x3_Windows_phone_wil___COMMENTS.html","raw_data/16-10-12 v2/18-25-4 v2/default-gadgets/HPs_Elite_x3_Windows_phone_wil/HPs_Elite_x3_Windows_phone_wil___LINK.html","raw_data/16-10-12 v2/18-25-4 v2/default-gadgets/HPs_Elite_x3_Windows_phone_wil","raw_data/16-10-12 v2/18-25-4 v2/default-gadgets","raw_data/16-10-12 v2/18-25-4 v2","raw_data/16-10-12 v2",default-gadgets,"18-25-4 v2","16-10-12 v2"
"raw_data/16-10-12 v2/18-25-4 v2/default-gadgets/JBL_Reflect_Aware_review_A_Lig/JBL_Reflect_Aware_review_A_Lig___COMMENTS.html","raw_data/16-10-12 v2/18-25-4 v2/default-gadgets/JBL_Reflect_Aware_review_A_Lig/JBL_Reflect_Aware_review_A_Lig___LINK.html","raw_data/16-10-12 v2/18-25-4 v2/default-gadgets/JBL_Reflect_Aware_review_A_Lig","raw_data/16-10-12 v2/18-25-4 v2/default-gadgets","raw_data/16-10-12 v2/18-25-4 v2","raw_data/16-10-12 v2",default-gadgets,"18-25-4 v2","16-10-12 v2"
"raw_data/16-10-12 v2/18-25-4 v2/default-gadgets/New_Razer_Blade_Stealth_review/New_Razer_Blade_Stealth_review___COMMENTS.html","raw_data/16-10-12 v2/18-25-4 v2/default-gadgets/New_Razer_Blade_Stealth_review/New_Razer_Blade_Stealth_review___LINK.html","raw_data/16-10-12 v2/18-25-4 v2/default-gadgets/New_Razer_Blade_Stealth_review","raw_data/16-10-12 v2/18-25-4 v2/default-gadgets","raw_data/16-10-12 v2/18-25-4 v2","raw_data/16-10-12 v2",default-gadgets,"18-25-4 v2","16-10-12 v2"
"raw_data/16-10-12 v2/18-25-4 v2/default-gadgets/Samsung_tells_users_Turn_off_y/Samsung_tells_users_Turn_off_y___COMMENTS.html","raw_data/16-10-12 v2/18-25-4 v2/default-gadgets/Samsung_tells_users_Turn_off_y/Samsung_tells_users_Turn_off_y___LINK.html","raw_data/16-10-12 v2/18-25-4 v2/default-gadgets/Samsung_tells_users_Turn_off_y","raw_data/16-10-12 v2/18-25-4 v2/default-gadgets","raw_data/16-10-12 v2/18-25-4 v2","raw_data/16-10-12 v2",default-gadgets,"18-25-4 v2","16-10-12 v2"
"raw_data/16-10-12 v2/18-25-4 v2/default-gadgets/Sharp_made_this_ultra-hot_phon/Sharp_made_this_ultra-hot_phon___COMMENTS.html","raw_data/16-10-12 v2/18-25-4 v2/default-gadgets/Sharp_made_this_ultra-hot_phon/Sharp_made_this_ultra-hot_phon___LINK.html","raw_data/16-10-12 v2/18-25-4 v2/default-gadgets/Sharp_made_this_ultra-hot_phon","raw_data/16-10-12 v2/18-25-4 v2/default-gadgets","raw_data/16-10-12 v2/18-25-4 v2","raw_data/16-10-12 v2",default-gadgets,"18-25-4 v2","16-10-12 v2"
"raw_data/16-10-12 v2/18-25-4 v2/default-gadgets/The_iPhone_7_and_iPhone_7_Plus/The_iPhone_7_and_iPhone_7_Plus___LINK.html",,"raw_data/16-10-12 v2/18-25-4 v2/default-gadgets/The_iPhone_7_and_iPhone_7_Plus","raw_data/16-10-12 v2/18-25-4 v2/default-gadgets","raw_data/16-10-12 v2/18-25-4 v2","raw_data/16-10-12 v2",default-gadgets,"18-25-4 v2","16-10-12 v2"
"raw_data/16-10-12 v2/18-25-4 v2/default-gifs/A_girl_has_a_hard_time_with_br/A_girl_has_a_hard_time_with_br___COMMENTS.html","raw_data/16-10-12 v2/18-25-4 v2/default-gifs/A_girl_has_a_hard_time_with_br/A_girl_has_a_hard_time_with_br___LINK.html","raw_data/16-10-12 v2/18-25-4 v2/default-gifs/A_girl_has_a_hard_time_with_br","raw_data/16-10-12 v2/18-25-4 v2/default-gifs","raw_data/16-10-12 v2/18-25-4 v2","raw_data/16-10-12 v2",default-gifs,"18-25-4 v2","16-10-12 v2"
"raw_data/16-10-12 v2/18-25-4 v2/default-history/Elisabeth_Gloeden_-_executed_f/Elisabeth_Gloeden_-_executed_f___COMMENTS.html","raw_data/16-10-12 v2/18-25-4 v2/default-history/Elisabeth_Gloeden_-_executed_f/Elisabeth_Gloeden_-_executed_f___LINK.html","raw_data/16-10-12 v2/18-25-4 v2/default-history/Elisabeth_Gloeden_-_executed_f","raw_data/16-10-12 v2/18-25-4 v2/default-history","raw_data/16-10-12 v2/18-25-4 v2","raw_data/16-10-12 v2",default-history,"18-25-4 v2","16-10-12 v2"
"raw_data/16-10-12 v2/18-25-4 v2/default-history/Question_regarding_technology_/Question_regarding_technology____LINK.html",,"raw_data/16-10-12 v2/18-25-4 v2/default-history/Question_regarding_technology_","raw_data/16-10-12 v2/18-25-4 v2/default-history","raw_data/16-10-12 v2/18-25-4 v2","raw_data/16-10-12 v2",default-history,"18-25-4 v2","16-10-12 v2"
,,"raw_data/16-10-12 v2/18-25-4 v2/default-listentothis/Upside_Dawn_--_She_Will_tripho","raw_data/16-10-12 v2/18-25-4 v2/default-listentothis","raw_data/16-10-12 v2/18-25-4 v2","raw_data/16-10-12 v2",default-listentothis,"18-25-4 v2","16-10-12 v2"
"raw_data/16-10-12 v2/18-25-4 v2/default-news/Apple_genius_bar_staff_caught_/Apple_genius_bar_staff_caught____COMMENTS.html","raw_data/16-10-12 v2/18-25-4 v2/default-news/Apple_genius_bar_staff_caught_/Apple_genius_bar_staff_caught____LINK.html","raw_data/16-10-12 v2/18-25-4 v2/default-news/Apple_genius_bar_staff_caught_","raw_data/16-10-12 v2/18-25-4 v2/default-news","raw_data/16-10-12 v2/18-25-4 v2","raw_data/16-10-12 v2",default-news,"18-25-4 v2","16-10-12 v2"
"raw_data/16-10-12 v2/18-25-4 v2/default-news/Deputy_shoots_woman_reaching_f/Deputy_shoots_woman_reaching_f___COMMENTS.html","raw_data/16-10-12 v2/18-25-4 v2/default-news/Deputy_shoots_woman_reaching_f/Deputy_shoots_woman_reaching_f___LINK.html","raw_data/16-10-12 v2/18-25-4 v2/default-news/Deputy_shoots_woman_reaching_f","raw_data/16-10-12 v2/18-25-4 v2/default-news","raw_data/16-10-12 v2/18-25-4 v2","raw_data/16-10-12 v2",default-news,"18-25-4 v2","16-10-12 v2"
"raw_data/16-10-12 v2/18-25-4 v2/default-news/Thank_You_For_Bringing_Me_Home/Thank_You_For_Bringing_Me_Home___COMMENTS.html","raw_data/16-10-12 v2/18-25-4 v2/default-news/Thank_You_For_Bringing_Me_Home/Thank_You_For_Bringing_Me_Home___LINK.html","raw_data/16-10-12 v2/18-25-4 v2/default-news/Thank_You_For_Bringing_Me_Home","raw_data/16-10-12 v2/18-25-4 v2/default-news","raw_data/16-10-12 v2/18-25-4 v2","raw_data/16-10-12 v2",default-news,"18-25-4 v2","16-10-12 v2"
"raw_data/16-10-12 v2/18-25-4 v2/default-nosleep/Elf_on_the_She/Elf_on_the_She___COMMENTS.html","raw_data/16-10-12 v2/18-25-4 v2/default-nosleep/Elf_on_the_She/Elf_on_the_She___LINK.html","raw_data/16-10-12 v2/18-25-4 v2/default-nosleep/Elf_on_the_She","raw_data/16-10-12 v2/18-25-4 v2/default-nosleep","raw_data/16-10-12 v2/18-25-4 v2","raw_data/16-10-12 v2",default-nosleep,"18-25-4 v2","16-10-12 v2"
"raw_data/16-10-12 v2/18-25-4 v2/default-nosleep/The_Man_Under_the_Floral_She/The_Man_Under_the_Floral_She___COMMENTS.html","raw_data/16-10-12 v2/18-25-4 v2/default-nosleep/The_Man_Under_the_Floral_She/The_Man_Under_the_Floral_She___LINK.html","raw_data/16-10-12 v2/18-25-4 v2/default-nosleep/The_Man_Under_the_Floral_She","raw_data/16-10-12 v2/18-25-4 v2/default-nosleep","raw_data/16-10-12 v2/18-25-4 v2","raw_data/16-10-12 v2",default-nosleep,"18-25-4 v2","16-10-12 v2"
"raw_data/16-10-12 v2/18-25-4 v2/default-nottheonion/Woman_Fears_Thief_Thought_Her_/Woman_Fears_Thief_Thought_Her____COMMENTS.html","raw_data/16-10-12 v2/18-25-4 v2/default-nottheonion/Woman_Fears_Thief_Thought_Her_/Woman_Fears_Thief_Thought_Her____LINK.html","raw_data/16-10-12 v2/18-25-4 v2/default-nottheonion/Woman_Fears_Thief_Thought_Her_","raw_data/16-10-12 v2/18-25-4 v2/default-nottheonion","raw_data/16-10-12 v2/18-25-4 v2","raw_data/16-10-12 v2",default-nottheonion,"18-25-4 v2","16-10-12 v2"
"raw_data/16-10-12 v2/18-25-4 v2/default-personalfinance/My_wife_and_i_make_almost_6_fi/My_wife_and_i_make_almost_6_fi___COMMENTS.html","raw_data/16-10-12 v2/18-25-4 v2/default-personalfinance/My_wife_and_i_make_almost_6_fi/My_wife_and_i_make_almost_6_fi___LINK.html","raw_data/16-10-12 v2/18-25-4 v2/default-personalfinance/My_wife_and_i_make_almost_6_fi","raw_data/16-10-12 v2/18-25-4 v2/default-personalfinance","raw_data/16-10-12 v2/18-25-4 v2","raw_data/16-10-12 v2",default-personalfinance,"18-25-4 v2","16-10-12 v2"
"raw_data/16-10-12 v2/18-25-4 v2/default-philosophy/Computational_law_contracts_am/Computational_law_contracts_am___COMMENTS.html","raw_data/16-10-12 v2/18-25-4 v2/default-philosophy/Computational_law_contracts_am/Computational_law_contracts_am___LINK.html","raw_data/16-10-12 v2/18-25-4 v2/default-philosophy/Computational_law_contracts_am","raw_data/16-10-12 v2/18-25-4 v2/default-philosophy","raw_data/16-10-12 v2/18-25-4 v2","raw_data/16-10-12 v2",default-philosophy,"18-25-4 v2","16-10-12 v2"
"raw_data/16-10-12 v2/18-25-4 v2/default-philosophy/What_is_it_like_to_be_a_comput/What_is_it_like_to_be_a_comput___COMMENTS.html","raw_data/16-10-12 v2/18-25-4 v2/default-philosophy/What_is_it_like_to_be_a_comput/What_is_it_like_to_be_a_comput___LINK.html","raw_data/16-10-12 v2/18-25-4 v2/default-philosophy/What_is_it_like_to_be_a_comput","raw_data/16-10-12 v2/18-25-4 v2/default-philosophy","raw_data/16-10-12 v2/18-25-4 v2","raw_data/16-10-12 v2",default-philosophy,"18-25-4 v2","16-10-12 v2"
"raw_data/16-10-12 v2/18-25-4 v2/default-pics/3_years_after_rescuing_her_fro/3_years_after_rescuing_her_fro___COMMENTS.html","raw_data/16-10-12 v2/18-25-4 v2/default-pics/3_years_after_rescuing_her_fro/3_years_after_rescuing_her_fro___LINK.html","raw_data/16-10-12 v2/18-25-4 v2/default-pics/3_years_after_rescuing_her_fro","raw_data/16-10-12 v2/18-25-4 v2/default-pics","raw_data/16-10-12 v2/18-25-4 v2","raw_data/16-10-12 v2",default-pics,"18-25-4 v2","16-10-12 v2"
"raw_data/16-10-12 v2/18-25-4 v2/default-pics/My_little_brother_as_The_Night/My_little_brother_as_The_Night___COMMENTS.html","raw_data/16-10-12 v2/18-25-4 v2/default-pics/My_little_brother_as_The_Night/My_little_brother_as_The_Night___LINK.html","raw_data/16-10-12 v2/18-25-4 v2/default-pics/My_little_brother_as_The_Night","raw_data/16-10-12 v2/18-25-4 v2/default-pics","raw_data/16-10-12 v2/18-25-4 v2","raw_data/16-10-12 v2",default-pics,"18-25-4 v2","16-10-12 v2"
"raw_data/16-10-12 v2/18-25-4 v2/default-pics/This_pic_of_my_son_sums_up_che/This_pic_of_my_son_sums_up_che___COMMENTS.html","raw_data/16-10-12 v2/18-25-4 v2/default-pics/This_pic_of_my_son_sums_up_che/This_pic_of_my_son_sums_up_che___LINK.html","raw_data/16-10-12 v2/18-25-4 v2/default-pics/This_pic_of_my_son_sums_up_che","raw_data/16-10-12 v2/18-25-4 v2/default-pics","raw_data/16-10-12 v2/18-25-4 v2","raw_data/16-10-12 v2",default-pics,"18-25-4 v2","16-10-12 v2"
"raw_data/16-10-12 v2/18-25-4 v2/default-science/10-Year_Outcomes_after_Monitor/10-Year_Outcomes_after_Monitor___LINK.html",,"raw_data/16-10-12 v2/18-25-4 v2/default-science/10-Year_Outcomes_after_Monitor","raw_data/16-10-12 v2/18-25-4 v2/default-science","raw_data/16-10-12 v2/18-25-4 v2","raw_data/16-10-12 v2",default-science,"18-25-4 v2","16-10-12 v2"
"raw_data/16-10-12 v2/18-25-4 v2/default-science/A_new_gene-editing_technique_c/A_new_gene-editing_technique_c___LINK.html",,"raw_data/16-10-12 v2/18-25-4 v2/default-science/A_new_gene-editing_technique_c","raw_data/16-10-12 v2/18-25-4 v2/default-science","raw_data/16-10-12 v2/18-25-4 v2","raw_data/16-10-12 v2",default-science,"18-25-4 v2","16-10-12 v2"
"raw_data/16-10-12 v2/18-25-4 v2/default-science/A_new_study_finds_that_close_t/A_new_study_finds_that_close_t___COMMENTS.html",,"raw_data/16-10-12 v2/18-25-4 v2/default-science/A_new_study_finds_that_close_t","raw_data/16-10-12 v2/18-25-4 v2/default-science","raw_data/16-10-12 v2/18-25-4 v2","raw_data/16-10-12 v2",default-science,"18-25-4 v2","16-10-12 v2"
"raw_data/16-10-12 v2/18-25-4 v2/default-science/Doctors_better_diagnose_more_s/Doctors_better_diagnose_more_s___COMMENTS.html","raw_data/16-10-12 v2/18-25-4 v2/default-science/Doctors_better_diagnose_more_s/Doctors_better_diagnose_more_s___LINK.html","raw_data/16-10-12 v2/18-25-4 v2/default-science/Doctors_better_diagnose_more_s","raw_data/16-10-12 v2/18-25-4 v2/default-science","raw_data/16-10-12 v2/18-25-4 v2","raw_data/16-10-12 v2",default-science,"18-25-4 v2","16-10-12 v2"
"raw_data/16-10-12 v2/18-25-4 v2/default-science/Scientists_close_to_mimicking_/Scientists_close_to_mimicking____COMMENTS.html","raw_data/16-10-12 v2/18-25-4 v2/default-science/Scientists_close_to_mimicking_/Scientists_close_to_mimicking____LINK.html","raw_data/16-10-12 v2/18-25-4 v2/default-science/Scientists_close_to_mimicking_","raw_data/16-10-12 v2/18-25-4 v2/default-science","raw_data/16-10-12 v2/18-25-4 v2","raw_data/16-10-12 v2",default-science,"18-25-4 v2","16-10-12 v2"
"raw_data/16-10-12 v2/18-25-4 v2/default-sports/Tim_Tebow_smashes_into_outfiel/Tim_Tebow_smashes_into_outfiel___COMMENTS.html","raw_data/16-10-12 v2/18-25-4 v2/default-sports/Tim_Tebow_smashes_into_outfiel/Tim_Tebow_smashes_into_outfiel___LINK.html","raw_data/16-10-12 v2/18-25-4 v2/default-sports/Tim_Tebow_smashes_into_outfiel","raw_data/16-10-12 v2/18-25-4 v2/default-sports","raw_data/16-10-12 v2/18-25-4 v2","raw_data/16-10-12 v2",default-sports,"18-25-4 v2","16-10-12 v2"
"raw_data/16-10-12 v2/18-25-4 v2/default-television/Game_of_Thrones_Star_Rose_Lesl/Game_of_Thrones_Star_Rose_Lesl___COMMENTS.html","raw_data/16-10-12 v2/18-25-4 v2/default-television/Game_of_Thrones_Star_Rose_Lesl/Game_of_Thrones_Star_Rose_Lesl___LINK.html","raw_data/16-10-12 v2/18-25-4 v2/default-television/Game_of_Thrones_Star_Rose_Lesl","raw_data/16-10-12 v2/18-25-4 v2/default-television","raw_data/16-10-12 v2/18-25-4 v2","raw_data/16-10-12 v2",default-television,"18-25-4 v2","16-10-12 v2"
"raw_data/16-10-12 v2/18-25-4 v2/default-television/The_Brooklyn_99New_Girl_Crosso/The_Brooklyn_99New_Girl_Crosso___LINK.html",,"raw_data/16-10-12 v2/18-25-4 v2/default-television/The_Brooklyn_99New_Girl_Crosso","raw_data/16-10-12 v2/18-25-4 v2/default-television","raw_data/16-10-12 v2/18-25-4 v2","raw_data/16-10-12 v2",default-television,"18-25-4 v2","16-10-12 v2"
"raw_data/16-10-12 v2/18-25-4 v2/default-tifu/TIFU_by_going_to_visit_my_girl/TIFU_by_going_to_visit_my_girl___COMMENTS.html","raw_data/16-10-12 v2/18-25-4 v2/default-tifu/TIFU_by_going_to_visit_my_girl/TIFU_by_going_to_visit_my_girl___LINK.html","raw_data/16-10-12 v2/18-25-4 v2/default-tifu/TIFU_by_going_to_visit_my_girl","raw_data/16-10-12 v2/18-25-4 v2/default-tifu","raw_data/16-10-12 v2/18-25-4 v2","raw_data/16-10-12 v2",default-tifu,"18-25-4 v2","16-10-12 v2"
"raw_data/16-10-12 v2/18-25-4 v2/default-tifu/TIFU_by_making_my_wife_drink_g/TIFU_by_making_my_wife_drink_g___COMMENTS.html","raw_data/16-10-12 v2/18-25-4 v2/default-tifu/TIFU_by_making_my_wife_drink_g/TIFU_by_making_my_wife_drink_g___LINK.html","raw_data/16-10-12 v2/18-25-4 v2/default-tifu/TIFU_by_making_my_wife_drink_g","raw_data/16-10-12 v2/18-25-4 v2/default-tifu","raw_data/16-10-12 v2/18-25-4 v2","raw_data/16-10-12 v2",default-tifu,"18-25-4 v2","16-10-12 v2"
"raw_data/16-10-12 v2/18-25-4 v2/default-tifu/TIFU_by_searching_quotSatanism/TIFU_by_searching_quotSatanism___COMMENTS.html","raw_data/16-10-12 v2/18-25-4 v2/default-tifu/TIFU_by_searching_quotSatanism/TIFU_by_searching_quotSatanism___LINK.html","raw_data/16-10-12 v2/18-25-4 v2/default-tifu/TIFU_by_searching_quotSatanism","raw_data/16-10-12 v2/18-25-4 v2/default-tifu","raw_data/16-10-12 v2/18-25-4 v2","raw_data/16-10-12 v2",default-tifu,"18-25-4 v2","16-10-12 v2"
"raw_data/16-10-12 v2/18-25-4 v2/default-todayilearned/TIL_Because_Elizabeth_II_is_th/TIL_Because_Elizabeth_II_is_th___COMMENTS.html","raw_data/16-10-12 v2/18-25-4 v2/default-todayilearned/TIL_Because_Elizabeth_II_is_th/TIL_Because_Elizabeth_II_is_th___LINK.html","raw_data/16-10-12 v2/18-25-4 v2/default-todayilearned/TIL_Because_Elizabeth_II_is_th","raw_data/16-10-12 v2/18-25-4 v2/default-todayilearned","raw_data/16-10-12 v2/18-25-4 v2","raw_data/16-10-12 v2",default-todayilearned,"18-25-4 v2","16-10-12 v2"
"raw_data/16-10-12 v2/18-25-4 v2/default-todayilearned/TIL_Dr_Seuss_cheated_on_his_wi/TIL_Dr_Seuss_cheated_on_his_wi___COMMENTS.html","raw_data/16-10-12 v2/18-25-4 v2/default-todayilearned/TIL_Dr_Seuss_cheated_on_his_wi/TIL_Dr_Seuss_cheated_on_his_wi___LINK.html","raw_data/16-10-12 v2/18-25-4 v2/default-todayilearned/TIL_Dr_Seuss_cheated_on_his_wi","raw_data/16-10-12 v2/18-25-4 v2/default-todayilearned","raw_data/16-10-12 v2/18-25-4 v2","raw_data/16-10-12 v2",default-todayilearned,"18-25-4 v2","16-10-12 v2"
"raw_data/16-10-12 v2/18-25-4 v2/default-todayilearned/TIL_that_a_US_submarine_placed/TIL_that_a_US_submarine_placed___COMMENTS.html","raw_data/16-10-12 v2/18-25-4 v2/default-todayilearned/TIL_that_a_US_submarine_placed/TIL_that_a_US_submarine_placed___LINK.html","raw_data/16-10-12 v2/18-25-4 v2/default-todayilearned/TIL_that_a_US_submarine_placed","raw_data/16-10-12 v2/18-25-4 v2/default-todayilearned","raw_data/16-10-12 v2/18-25-4 v2","raw_data/16-10-12 v2",default-todayilearned,"18-25-4 v2","16-10-12 v2"
"raw_data/16-10-12 v2/18-25-4 v2/default-todayilearned/TIL_that_attempts_were_made_to/TIL_that_attempts_were_made_to___COMMENTS.html","raw_data/16-10-12 v2/18-25-4 v2/default-todayilearned/TIL_that_attempts_were_made_to/TIL_that_attempts_were_made_to___LINK.html","raw_data/16-10-12 v2/18-25-4 v2/default-todayilearned/TIL_that_attempts_were_made_to","raw_data/16-10-12 v2/18-25-4 v2/default-todayilearned","raw_data/16-10-12 v2/18-25-4 v2","raw_data/16-10-12 v2",default-todayilearned,"18-25-4 v2","16-10-12 v2"
"raw_data/16-10-12 v2/18-25-4 v2/default-todayilearned/TIL_that_there_are_5x_more_stu/TIL_that_there_are_5x_more_stu___COMMENTS.html","raw_data/16-10-12 v2/18-25-4 v2/default-todayilearned/TIL_that_there_are_5x_more_stu/TIL_that_there_are_5x_more_stu___LINK.html","raw_data/16-10-12 v2/18-25-4 v2/default-todayilearned/TIL_that_there_are_5x_more_stu","raw_data/16-10-12 v2/18-25-4 v2/default-todayilearned","raw_data/16-10-12 v2/18-25-4 v2","raw_data/16-10-12 v2",default-todayilearned,"18-25-4 v2","16-10-12 v2"
"raw_data/16-10-12 v2/18-25-4 v2/default-videos/Arms_tired_Carry_your_phone_us/Arms_tired_Carry_your_phone_us___COMMENTS.html","raw_data/16-10-12 v2/18-25-4 v2/default-videos/Arms_tired_Carry_your_phone_us/Arms_tired_Carry_your_phone_us___LINK.html","raw_data/16-10-12 v2/18-25-4 v2/default-videos/Arms_tired_Carry_your_phone_us","raw_data/16-10-12 v2/18-25-4 v2/default-videos","raw_data/16-10-12 v2/18-25-4 v2","raw_data/16-10-12 v2",default-videos,"18-25-4 v2","16-10-12 v2"
"raw_data/16-10-12 v2/18-25-4 v2/default-videos/Centurion_Titus_Pullo_explains/Centurion_Titus_Pullo_explains___COMMENTS.html","raw_data/16-10-12 v2/18-25-4 v2/default-videos/Centurion_Titus_Pullo_explains/Centurion_Titus_Pullo_explains___LINK.html","raw_data/16-10-12 v2/18-25-4 v2/default-videos/Centurion_Titus_Pullo_explains","raw_data/16-10-12 v2/18-25-4 v2/default-videos","raw_data/16-10-12 v2/18-25-4 v2","raw_data/16-10-12 v2",default-videos,"18-25-4 v2","16-10-12 v2"
"raw_data/16-10-12 v2/18-25-4 v2/default-videos/Content_Cop_-_Tech_Destruction/Content_Cop_-_Tech_Destruction___COMMENTS.html","raw_data/16-10-12 v2/18-25-4 v2/default-videos/Content_Cop_-_Tech_Destruction/Content_Cop_-_Tech_Destruction___LINK.html","raw_data/16-10-12 v2/18-25-4 v2/default-videos/Content_Cop_-_Tech_Destruction","raw_data/16-10-12 v2/18-25-4 v2/default-videos","raw_data/16-10-12 v2/18-25-4 v2","raw_data/16-10-12 v2",default-videos,"18-25-4 v2","16-10-12 v2"
"raw_data/16-10-12 v2/18-25-4 v2/default-videos/Farm_Girls_Leek_Dan/Farm_Girls_Leek_Dan___COMMENTS.html","raw_data/16-10-12 v2/18-25-4 v2/default-videos/Farm_Girls_Leek_Dan/Farm_Girls_Leek_Dan___LINK.html","raw_data/16-10-12 v2/18-25-4 v2/default-videos/Farm_Girls_Leek_Dan","raw_data/16-10-12 v2/18-25-4 v2/default-videos","raw_data/16-10-12 v2/18-25-4 v2","raw_data/16-10-12 v2",default-videos,"18-25-4 v2","16-10-12 v2"
"raw_data/16-10-12 v2/18-25-4 v2/default-videos/Female_workers_asked_to_line_u/Female_workers_asked_to_line_u___COMMENTS.html","raw_data/16-10-12 v2/18-25-4 v2/default-videos/Female_workers_asked_to_line_u/Female_workers_asked_to_line_u___LINK.html","raw_data/16-10-12 v2/18-25-4 v2/default-videos/Female_workers_asked_to_line_u","raw_data/16-10-12 v2/18-25-4 v2/default-videos","raw_data/16-10-12 v2/18-25-4 v2","raw_data/16-10-12 v2",default-videos,"18-25-4 v2","16-10-12 v2"
"raw_data/16-10-12 v2/18-25-4 v2/default-videos/German_shepherd_howling_with_w/German_shepherd_howling_with_w___COMMENTS.html","raw_data/16-10-12 v2/18-25-4 v2/default-videos/German_shepherd_howling_with_w/German_shepherd_howling_with_w___LINK.html","raw_data/16-10-12 v2/18-25-4 v2/default-videos/German_shepherd_howling_with_w","raw_data/16-10-12 v2/18-25-4 v2/default-videos","raw_data/16-10-12 v2/18-25-4 v2","raw_data/16-10-12 v2",default-videos,"18-25-4 v2","16-10-12 v2"
"raw_data/16-10-12 v2/18-25-4 v2/default-videos/Ive_only_had_a_couple_and_the_/Ive_only_had_a_couple_and_the____COMMENTS.html","raw_data/16-10-12 v2/18-25-4 v2/default-videos/Ive_only_had_a_couple_and_the_/Ive_only_had_a_couple_and_the____LINK.html","raw_data/16-10-12 v2/18-25-4 v2/default-videos/Ive_only_had_a_couple_and_the_","raw_data/16-10-12 v2/18-25-4 v2/default-videos","raw_data/16-10-12 v2/18-25-4 v2","raw_data/16-10-12 v2",default-videos,"18-25-4 v2","16-10-12 v2"
"raw_data/16-10-12 v2/18-25-4 v2/default-videos/Jim_Norton_and_Sam_Roberts_con/Jim_Norton_and_Sam_Roberts_con___COMMENTS.html","raw_data/16-10-12 v2/18-25-4 v2/default-videos/Jim_Norton_and_Sam_Roberts_con/Jim_Norton_and_Sam_Roberts_con___LINK.html","raw_data/16-10-12 v2/18-25-4 v2/default-videos/Jim_Norton_and_Sam_Roberts_con","raw_data/16-10-12 v2/18-25-4 v2/default-videos","raw_data/16-10-12 v2/18-25-4 v2","raw_data/16-10-12 v2",default-videos,"18-25-4 v2","16-10-12 v2"
"raw_data/16-10-12 v2/18-25-4 v2/default-videos/My_12yr_old_spent_weeks_making/My_12yr_old_spent_weeks_making___COMMENTS.html","raw_data/16-10-12 v2/18-25-4 v2/default-videos/My_12yr_old_spent_weeks_making/My_12yr_old_spent_weeks_making___LINK.html","raw_data/16-10-12 v2/18-25-4 v2/default-videos/My_12yr_old_spent_weeks_making","raw_data/16-10-12 v2/18-25-4 v2/default-videos","raw_data/16-10-12 v2/18-25-4 v2","raw_data/16-10-12 v2",default-videos,"18-25-4 v2","16-10-12 v2"
"raw_data/16-10-12 v2/18-25-4 v2/default-videos/Primitive_technology_ADHD_edit/Primitive_technology_ADHD_edit___COMMENTS.html","raw_data/16-10-12 v2/18-25-4 v2/default-videos/Primitive_technology_ADHD_edit/Primitive_technology_ADHD_edit___LINK.html","raw_data/16-10-12 v2/18-25-4 v2/default-videos/Primitive_technology_ADHD_edit","raw_data/16-10-12 v2/18-25-4 v2/default-videos","raw_data/16-10-12 v2/18-25-4 v2","raw_data/16-10-12 v2",default-videos,"18-25-4 v2","16-10-12 v2"
"raw_data/16-10-12 v2/18-25-4 v2/default-videos/Woman_under_anaesthesia_propos/Woman_under_anaesthesia_propos___COMMENTS.html","raw_data/16-10-12 v2/18-25-4 v2/default-videos/Woman_under_anaesthesia_propos/Woman_under_anaesthesia_propos___LINK.html","raw_data/16-10-12 v2/18-25-4 v2/default-videos/Woman_under_anaesthesia_propos","raw_data/16-10-12 v2/18-25-4 v2/default-videos","raw_data/16-10-12 v2/18-25-4 v2","raw_data/16-10-12 v2",default-videos,"18-25-4 v2","16-10-12 v2"
"raw_data/16-10-12 v2/18-25-4 v2/default-worldnews/Bernie_Sanders_endorses_his_br/Bernie_Sanders_endorses_his_br___COMMENTS.html","raw_data/16-10-12 v2/18-25-4 v2/default-worldnews/Bernie_Sanders_endorses_his_br/Bernie_Sanders_endorses_his_br___LINK.html","raw_data/16-10-12 v2/18-25-4 v2/default-worldnews/Bernie_Sanders_endorses_his_br","raw_data/16-10-12 v2/18-25-4 v2/default-worldnews","raw_data/16-10-12 v2/18-25-4 v2","raw_data/16-10-12 v2",default-worldnews,"18-25-4 v2","16-10-12 v2"
"raw_data/16-10-12 v2/18-25-4 v2/default-worldnews/Cairo_University_Abolishes_Rel/Cairo_University_Abolishes_Rel___COMMENTS.html","raw_data/16-10-12 v2/18-25-4 v2/default-worldnews/Cairo_University_Abolishes_Rel/Cairo_University_Abolishes_Rel___LINK.html","raw_data/16-10-12 v2/18-25-4 v2/default-worldnews/Cairo_University_Abolishes_Rel","raw_data/16-10-12 v2/18-25-4 v2/default-worldnews","raw_data/16-10-12 v2/18-25-4 v2","raw_data/16-10-12 v2",default-worldnews,"18-25-4 v2","16-10-12 v2"
"raw_data/16-10-12 v2/18-25-4 v2/default-worldnews/Proposals_for_the_first_nation/Proposals_for_the_first_nation___COMMENTS.html",,"raw_data/16-10-12 v2/18-25-4 v2/default-worldnews/Proposals_for_the_first_nation","raw_data/16-10-12 v2/18-25-4 v2/default-worldnews","raw_data/16-10-12 v2/18-25-4 v2","raw_data/16-10-12 v2",default-worldnews,"18-25-4 v2","16-10-12 v2"
,,"raw_data/16-10-12 v2/18-25-4 v2/default-worldnews/Syrian_terror_suspect_found_de","raw_data/16-10-12 v2/18-25-4 v2/default-worldnews","raw_data/16-10-12 v2/18-25-4 v2","raw_data/16-10-12 v2",default-worldnews,"18-25-4 v2","16-10-12 v2"
,,"raw_data/16-10-12 v2/18-25-4 v2/default-worldnews/Wheelchair-Bound_Woman_Raped_B","raw_data/16-10-12 v2/18-25-4 v2/default-worldnews","raw_data/16-10-12 v2/18-25-4 v2","raw_data/16-10-12 v2",default-worldnews,"18-25-4 v2","16-10-12 v2"
"raw_data/16-10-12 v2/18-25-4 v2/default-worldnews/Woman_who_survived_Isis_gang-r/Woman_who_survived_Isis_gang-r___COMMENTS.html",,"raw_data/16-10-12 v2/18-25-4 v2/default-worldnews/Woman_who_survived_Isis_gang-r","raw_data/16-10-12 v2/18-25-4 v2/default-worldnews","raw_data/16-10-12 v2/18-25-4 v2","raw_data/16-10-12 v2",default-worldnews,"18-25-4 v2","16-10-12 v2"
"raw_data/16-10-12 v2/18-25-4 v2/feminineCentric-AskWomen/Ladies_who_are_in_a_male_domin/Ladies_who_are_in_a_male_domin___COMMENTS.html","raw_data/16-10-12 v2/18-25-4 v2/feminineCentric-AskWomen/Ladies_who_are_in_a_male_domin/Ladies_who_are_in_a_male_domin___LINK.html","raw_data/16-10-12 v2/18-25-4 v2/feminineCentric-AskWomen/Ladies_who_are_in_a_male_domin","raw_data/16-10-12 v2/18-25-4 v2/feminineCentric-AskWomen","raw_data/16-10-12 v2/18-25-4 v2","raw_data/16-10-12 v2",feminineCentric-AskWomen,"18-25-4 v2","16-10-12 v2"
"raw_data/16-10-12 v2/18-25-4 v2/feminineCentric-AskWomen/What_do_you_think_of_women_who/What_do_you_think_of_women_who___COMMENTS.html","raw_data/16-10-12 v2/18-25-4 v2/feminineCentric-AskWomen/What_do_you_think_of_women_who/What_do_you_think_of_women_who___LINK.html","raw_data/16-10-12 v2/18-25-4 v2/feminineCentric-AskWomen/What_do_you_think_of_women_who","raw_data/16-10-12 v2/18-25-4 v2/feminineCentric-AskWomen","raw_data/16-10-12 v2/18-25-4 v2","raw_data/16-10-12 v2",feminineCentric-AskWomen,"18-25-4 v2","16-10-12 v2"
"raw_data/16-10-12 v2/18-25-4 v2/feminineCentric-AskWomen/Where_are_the_other_women_who_/Where_are_the_other_women_who____COMMENTS.html","raw_data/16-10-12 v2/18-25-4 v2/feminineCentric-AskWomen/Where_are_the_other_women_who_/Where_are_the_other_women_who____LINK.html","raw_data/16-10-12 v2/18-25-4 v2/feminineCentric-AskWomen/Where_are_the_other_women_who_","raw_data/16-10-12 v2/18-25-4 v2/feminineCentric-AskWomen","raw_data/16-10-12 v2/18-25-4 v2","raw_data/16-10-12 v2",feminineCentric-AskWomen,"18-25-4 v2","16-10-12 v2"
"raw_data/16-10-12 v2/18-25-4 v2/feminineCentric-AskWomen/Women_who_like_rough_sex_how_d/Women_who_like_rough_sex_how_d___COMMENTS.html","raw_data/16-10-12 v2/18-25-4 v2/feminineCentric-AskWomen/Women_who_like_rough_sex_how_d/Women_who_like_rough_sex_how_d___LINK.html","raw_data/16-10-12 v2/18-25-4 v2/feminineCentric-AskWomen/Women_who_like_rough_sex_how_d","raw_data/16-10-12 v2/18-25-4 v2/feminineCentric-AskWomen","raw_data/16-10-12 v2/18-25-4 v2","raw_data/16-10-12 v2",feminineCentric-AskWomen,"18-25-4 v2","16-10-12 v2"
"raw_data/16-10-12 v2/18-25-4 v2/feminineCentric-SkincareAddiction/Miscellaneous_An_app_to_see_yo/Miscellaneous_An_app_to_see_yo___COMMENTS.html","raw_data/16-10-12 v2/18-25-4 v2/feminineCentric-SkincareAddiction/Miscellaneous_An_app_to_see_yo/Miscellaneous_An_app_to_see_yo___LINK.html","raw_data/16-10-12 v2/18-25-4 v2/feminineCentric-SkincareAddiction/Miscellaneous_An_app_to_see_yo","raw_data/16-10-12 v2/18-25-4 v2/feminineCentric-SkincareAddiction","raw_data/16-10-12 v2/18-25-4 v2","raw_data/16-10-12 v2",feminineCentric-SkincareAddiction,"18-25-4 v2","16-10-12 v2"
"raw_data/16-10-12 v2/18-25-4 v2/feminineCentric-SkincareAddiction/Skin_Concerns_This_showed_up_o/Skin_Concerns_This_showed_up_o___COMMENTS.html","raw_data/16-10-12 v2/18-25-4 v2/feminineCentric-SkincareAddiction/Skin_Concerns_This_showed_up_o/Skin_Concerns_This_showed_up_o___LINK.html","raw_data/16-10-12 v2/18-25-4 v2/feminineCentric-SkincareAddiction/Skin_Concerns_This_showed_up_o","raw_data/16-10-12 v2/18-25-4 v2/feminineCentric-SkincareAddiction","raw_data/16-10-12 v2/18-25-4 v2","raw_data/16-10-12 v2",feminineCentric-SkincareAddiction,"18-25-4 v2","16-10-12 v2"
"raw_data/16-10-12 v2/18-25-4 v2/feminineCentric-TrollXChromosomes/Icelandic_MP_casually_breastfe/Icelandic_MP_casually_breastfe___COMMENTS.html","raw_data/16-10-12 v2/18-25-4 v2/feminineCentric-TrollXChromosomes/Icelandic_MP_casually_breastfe/Icelandic_MP_casually_breastfe___LINK.html","raw_data/16-10-12 v2/18-25-4 v2/feminineCentric-TrollXChromosomes/Icelandic_MP_casually_breastfe","raw_data/16-10-12 v2/18-25-4 v2/feminineCentric-TrollXChromosomes","raw_data/16-10-12 v2/18-25-4 v2","raw_data/16-10-12 v2",feminineCentric-TrollXChromosomes,"18-25-4 v2","16-10-12 v2"
"raw_data/16-10-12 v2/18-25-4 v2/feminineCentric-TrollXChromosomes/MRW_Im_leaving_the_gyno_and_sh/MRW_Im_leaving_the_gyno_and_sh___COMMENTS.html","raw_data/16-10-12 v2/18-25-4 v2/feminineCentric-TrollXChromosomes/MRW_Im_leaving_the_gyno_and_sh/MRW_Im_leaving_the_gyno_and_sh___LINK.html","raw_data/16-10-12 v2/18-25-4 v2/feminineCentric-TrollXChromosomes/MRW_Im_leaving_the_gyno_and_sh","raw_data/16-10-12 v2/18-25-4 v2/feminineCentric-TrollXChromosomes","raw_data/16-10-12 v2/18-25-4 v2","raw_data/16-10-12 v2",feminineCentric-TrollXChromosomes,"18-25-4 v2","16-10-12 v2"
"raw_data/16-10-12 v2/18-25-4 v2/feminineCentric-TrollXChromosomes/MRW_someone_in_an_online_game_/MRW_someone_in_an_online_game____COMMENTS.html","raw_data/16-10-12 v2/18-25-4 v2/feminineCentric-TrollXChromosomes/MRW_someone_in_an_online_game_/MRW_someone_in_an_online_game____LINK.html","raw_data/16-10-12 v2/18-25-4 v2/feminineCentric-TrollXChromosomes/MRW_someone_in_an_online_game_","raw_data/16-10-12 v2/18-25-4 v2/feminineCentric-TrollXChromosomes","raw_data/16-10-12 v2/18-25-4 v2","raw_data/16-10-12 v2",feminineCentric-TrollXChromosomes,"18-25-4 v2","16-10-12 v2"
"raw_data/16-10-12 v2/18-25-4 v2/feminineCentric-TrollXChromosomes/MRW_when_a_woman_on_a_fitness_/MRW_when_a_woman_on_a_fitness____COMMENTS.html","raw_data/16-10-12 v2/18-25-4 v2/feminineCentric-TrollXChromosomes/MRW_when_a_woman_on_a_fitness_/MRW_when_a_woman_on_a_fitness____LINK.html","raw_data/16-10-12 v2/18-25-4 v2/feminineCentric-TrollXChromosomes/MRW_when_a_woman_on_a_fitness_","raw_data/16-10-12 v2/18-25-4 v2/feminineCentric-TrollXChromosomes","raw_data/16-10-12 v2/18-25-4 v2","raw_data/16-10-12 v2",feminineCentric-TrollXChromosomes,"18-25-4 v2","16-10-12 v2"
,,"raw_data/16-10-12 v2/18-25-4 v2/feminineCentric-tumblr/The_election_in_a_nutshe","raw_data/16-10-12 v2/18-25-4 v2/feminineCentric-tumblr","raw_data/16-10-12 v2/18-25-4 v2","raw_data/16-10-12 v2",feminineCentric-tumblr,"18-25-4 v2","16-10-12 v2"
"raw_data/16-10-12 v2/18-25-4 v2/feminist-creepyPMs/My_sister_got_a_tempting_offer/My_sister_got_a_tempting_offer___COMMENTS.html","raw_data/16-10-12 v2/18-25-4 v2/feminist-creepyPMs/My_sister_got_a_tempting_offer/My_sister_got_a_tempting_offer___LINK.html","raw_data/16-10-12 v2/18-25-4 v2/feminist-creepyPMs/My_sister_got_a_tempting_offer","raw_data/16-10-12 v2/18-25-4 v2/feminist-creepyPMs","raw_data/16-10-12 v2/18-25-4 v2","raw_data/16-10-12 v2",feminist-creepyPMs,"18-25-4 v2","16-10-12 v2"
"raw_data/16-10-12 v2/18-25-4 v2/feminist-creepyPMs/Random_guy_messaged_my_good_fr/Random_guy_messaged_my_good_fr___COMMENTS.html","raw_data/16-10-12 v2/18-25-4 v2/feminist-creepyPMs/Random_guy_messaged_my_good_fr/Random_guy_messaged_my_good_fr___LINK.html","raw_data/16-10-12 v2/18-25-4 v2/feminist-creepyPMs/Random_guy_messaged_my_good_fr","raw_data/16-10-12 v2/18-25-4 v2/feminist-creepyPMs","raw_data/16-10-12 v2/18-25-4 v2","raw_data/16-10-12 v2",feminist-creepyPMs,"18-25-4 v2","16-10-12 v2"
"raw_data/16-10-12 v2/18-25-4 v2/feminist-creepyPMs/Rule_1_to_being_a_creep_insult/Rule_1_to_being_a_creep_insult___COMMENTS.html","raw_data/16-10-12 v2/18-25-4 v2/feminist-creepyPMs/Rule_1_to_being_a_creep_insult/Rule_1_to_being_a_creep_insult___LINK.html","raw_data/16-10-12 v2/18-25-4 v2/feminist-creepyPMs/Rule_1_to_being_a_creep_insult","raw_data/16-10-12 v2/18-25-4 v2/feminist-creepyPMs","raw_data/16-10-12 v2/18-25-4 v2","raw_data/16-10-12 v2",feminist-creepyPMs,"18-25-4 v2","16-10-12 v2"
"raw_data/16-10-12 v2/18-25-4 v2/general-TrueReddit/Crash_how_computers_are_settin/Crash_how_computers_are_settin___COMMENTS.html",,"raw_data/16-10-12 v2/18-25-4 v2/general-TrueReddit/Crash_how_computers_are_settin","raw_data/16-10-12 v2/18-25-4 v2/general-TrueReddit","raw_data/16-10-12 v2/18-25-4 v2","raw_data/16-10-12 v2",general-TrueReddit,"18-25-4 v2","16-10-12 v2"
"raw_data/16-10-12 v2/18-25-4 v2/general-TrueReddit/Merkels_critics_say_the_chance/Merkels_critics_say_the_chance___COMMENTS.html","raw_data/16-10-12 v2/18-25-4 v2/general-TrueReddit/Merkels_critics_say_the_chance/Merkels_critics_say_the_chance___LINK.html","raw_data/16-10-12 v2/18-25-4 v2/general-TrueReddit/Merkels_critics_say_the_chance","raw_data/16-10-12 v2/18-25-4 v2/general-TrueReddit","raw_data/16-10-12 v2/18-25-4 v2","raw_data/16-10-12 v2",general-TrueReddit,"18-25-4 v2","16-10-12 v2"
"raw_data/16-10-12 v2/18-25-4 v2/general-bestof/OP_just_found_an_Anime_Version/OP_just_found_an_Anime_Version___COMMENTS.html","raw_data/16-10-12 v2/18-25-4 v2/general-bestof/OP_just_found_an_Anime_Version/OP_just_found_an_Anime_Version___LINK.html","raw_data/16-10-12 v2/18-25-4 v2/general-bestof/OP_just_found_an_Anime_Version","raw_data/16-10-12 v2/18-25-4 v2/general-bestof","raw_data/16-10-12 v2/18-25-4 v2","raw_data/16-10-12 v2",general-bestof,"18-25-4 v2","16-10-12 v2"
"raw_data/16-10-12 v2/18-25-4 v2/general-bestof/Redditor_posts_about_man_who_s/Redditor_posts_about_man_who_s___COMMENTS.html","raw_data/16-10-12 v2/18-25-4 v2/general-bestof/Redditor_posts_about_man_who_s/Redditor_posts_about_man_who_s___LINK.html","raw_data/16-10-12 v2/18-25-4 v2/general-bestof/Redditor_posts_about_man_who_s","raw_data/16-10-12 v2/18-25-4 v2/general-bestof","raw_data/16-10-12 v2/18-25-4 v2","raw_data/16-10-12 v2",general-bestof,"18-25-4 v2","16-10-12 v2"
"raw_data/16-10-12 v2/18-25-4 v2/general-reddit.com/Redditcheck_out_what_my_brothe/Redditcheck_out_what_my_brothe___LINK.html",,"raw_data/16-10-12 v2/18-25-4 v2/general-reddit.com/Redditcheck_out_what_my_brothe","raw_data/16-10-12 v2/18-25-4 v2/general-reddit.com","raw_data/16-10-12 v2/18-25-4 v2","raw_data/16-10-12 v2",general-reddit.com,"18-25-4 v2","16-10-12 v2"
"raw_data/16-10-12 v2/18-25-4 v2/masculineCentric-AskMen/How_physically_different_is_th/How_physically_different_is_th___COMMENTS.html","raw_data/16-10-12 v2/18-25-4 v2/masculineCentric-AskMen/How_physically_different_is_th/How_physically_different_is_th___LINK.html","raw_data/16-10-12 v2/18-25-4 v2/masculineCentric-AskMen/How_physically_different_is_th","raw_data/16-10-12 v2/18-25-4 v2/masculineCentric-AskMen","raw_data/16-10-12 v2/18-25-4 v2","raw_data/16-10-12 v2",masculineCentric-AskMen,"18-25-4 v2","16-10-12 v2"
"raw_data/16-10-12 v2/18-25-4 v2/masculineCentric-AskMen/Whats_the_nicest_thing_a_girl_/Whats_the_nicest_thing_a_girl____COMMENTS.html","raw_data/16-10-12 v2/18-25-4 v2/masculineCentric-AskMen/Whats_the_nicest_thing_a_girl_/Whats_the_nicest_thing_a_girl____LINK.html","raw_data/16-10-12 v2/18-25-4 v2/masculineCentric-AskMen/Whats_the_nicest_thing_a_girl_","raw_data/16-10-12 v2/18-25-4 v2/masculineCentric-AskMen","raw_data/16-10-12 v2/18-25-4 v2","raw_data/16-10-12 v2",masculineCentric-AskMen,"18-25-4 v2","16-10-12 v2"
"raw_data/16-10-12 v2/18-25-4 v2/technology-AlienBlue/App_Crashes_when_I_try_to_open/App_Crashes_when_I_try_to_open___COMMENTS.html","raw_data/16-10-12 v2/18-25-4 v2/technology-AlienBlue/App_Crashes_when_I_try_to_open/App_Crashes_when_I_try_to_open___LINK.html","raw_data/16-10-12 v2/18-25-4 v2/technology-AlienBlue/App_Crashes_when_I_try_to_open","raw_data/16-10-12 v2/18-25-4 v2/technology-AlienBlue","raw_data/16-10-12 v2/18-25-4 v2","raw_data/16-10-12 v2",technology-AlienBlue,"18-25-4 v2","16-10-12 v2"
"raw_data/16-10-12 v2/18-25-4 v2/technology-AlienBlue/Cant_updatedelete_app_on_iphon/Cant_updatedelete_app_on_iphon___COMMENTS.html","raw_data/16-10-12 v2/18-25-4 v2/technology-AlienBlue/Cant_updatedelete_app_on_iphon/Cant_updatedelete_app_on_iphon___LINK.html","raw_data/16-10-12 v2/18-25-4 v2/technology-AlienBlue/Cant_updatedelete_app_on_iphon","raw_data/16-10-12 v2/18-25-4 v2/technology-AlienBlue","raw_data/16-10-12 v2/18-25-4 v2","raw_data/16-10-12 v2",technology-AlienBlue,"18-25-4 v2","16-10-12 v2"
"raw_data/16-10-12 v2/18-25-4 v2/technology-Android/Pixel_Together_by_you_Phone_by/Pixel_Together_by_you_Phone_by___LINK.html",,"raw_data/16-10-12 v2/18-25-4 v2/technology-Android/Pixel_Together_by_you_Phone_by","raw_data/16-10-12 v2/18-25-4 v2/technology-Android","raw_data/16-10-12 v2/18-25-4 v2","raw_data/16-10-12 v2",technology-Android,"18-25-4 v2","16-10-12 v2"
"raw_data/16-10-12 v2/18-25-4 v2/technology-Android/Samsung_slashes_profit_forecas/Samsung_slashes_profit_forecas___COMMENTS.html","raw_data/16-10-12 v2/18-25-4 v2/technology-Android/Samsung_slashes_profit_forecas/Samsung_slashes_profit_forecas___LINK.html","raw_data/16-10-12 v2/18-25-4 v2/technology-Android/Samsung_slashes_profit_forecas","raw_data/16-10-12 v2/18-25-4 v2/technology-Android","raw_data/16-10-12 v2/18-25-4 v2","raw_data/16-10-12 v2",technology-Android,"18-25-4 v2","16-10-12 v2"
"raw_data/16-10-12 v2/18-25-4 v2/technology-battlestations/Finally_finished_my_setu/Finally_finished_my_setu___COMMENTS.html","raw_data/16-10-12 v2/18-25-4 v2/technology-battlestations/Finally_finished_my_setu/Finally_finished_my_setu___LINK.html","raw_data/16-10-12 v2/18-25-4 v2/technology-battlestations/Finally_finished_my_setu","raw_data/16-10-12 v2/18-25-4 v2/technology-battlestations","raw_data/16-10-12 v2/18-25-4 v2","raw_data/16-10-12 v2",technology-battlestations,"18-25-4 v2","16-10-12 v2"
"raw_data/16-10-12 v2/18-25-4 v2/technology-battlestations/Mostly_finished_station_at_new/Mostly_finished_station_at_new___COMMENTS.html","raw_data/16-10-12 v2/18-25-4 v2/technology-battlestations/Mostly_finished_station_at_new/Mostly_finished_station_at_new___LINK.html","raw_data/16-10-12 v2/18-25-4 v2/technology-battlestations/Mostly_finished_station_at_new","raw_data/16-10-12 v2/18-25-4 v2/technology-battlestations","raw_data/16-10-12 v2/18-25-4 v2","raw_data/16-10-12 v2",technology-battlestations,"18-25-4 v2","16-10-12 v2"
"raw_data/16-10-12 v2/18-25-4 v2/technology-battlestations/Nearly_finished_university_bat/Nearly_finished_university_bat___COMMENTS.html","raw_data/16-10-12 v2/18-25-4 v2/technology-battlestations/Nearly_finished_university_bat/Nearly_finished_university_bat___LINK.html","raw_data/16-10-12 v2/18-25-4 v2/technology-battlestations/Nearly_finished_university_bat","raw_data/16-10-12 v2/18-25-4 v2/technology-battlestations","raw_data/16-10-12 v2/18-25-4 v2","raw_data/16-10-12 v2",technology-battlestations,"18-25-4 v2","16-10-12 v2"
,,"raw_data/16-10-12 v2/18-25-4 v2/technology-gamedev/Whats_your_technology_stack_fo","raw_data/16-10-12 v2/18-25-4 v2/technology-gamedev","raw_data/16-10-12 v2/18-25-4 v2","raw_data/16-10-12 v2",technology-gamedev,"18-25-4 v2","16-10-12 v2"
"raw_data/16-10-12 v2/18-25-4 v2/technology-gamedev/Why_video_game_coders_dont_use/Why_video_game_coders_dont_use___COMMENTS.html","raw_data/16-10-12 v2/18-25-4 v2/technology-gamedev/Why_video_game_coders_dont_use/Why_video_game_coders_dont_use___LINK.html","raw_data/16-10-12 v2/18-25-4 v2/technology-gamedev/Why_video_game_coders_dont_use","raw_data/16-10-12 v2/18-25-4 v2/technology-gamedev","raw_data/16-10-12 v2/18-25-4 v2","raw_data/16-10-12 v2",technology-gamedev,"18-25-4 v2","16-10-12 v2"
"raw_data/16-10-12 v2/18-25-4 v2/technology-geek/If_space_is_the_quotfinal_fron/If_space_is_the_quotfinal_fron___LINK.html",,"raw_data/16-10-12 v2/18-25-4 v2/technology-geek/If_space_is_the_quotfinal_fron","raw_data/16-10-12 v2/18-25-4 v2/technology-geek","raw_data/16-10-12 v2/18-25-4 v2","raw_data/16-10-12 v2",technology-geek,"18-25-4 v2","16-10-12 v2"
"raw_data/16-10-12 v2/18-25-4 v2/technology-geek/Mirai_is_programmed_to_kill_ot/Mirai_is_programmed_to_kill_ot___COMMENTS.html","raw_data/16-10-12 v2/18-25-4 v2/technology-geek/Mirai_is_programmed_to_kill_ot/Mirai_is_programmed_to_kill_ot___LINK.html","raw_data/16-10-12 v2/18-25-4 v2/technology-geek/Mirai_is_programmed_to_kill_ot","raw_data/16-10-12 v2/18-25-4 v2/technology-geek","raw_data/16-10-12 v2/18-25-4 v2","raw_data/16-10-12 v2",technology-geek,"18-25-4 v2","16-10-12 v2"
,,"raw_data/16-10-12 v2/18-25-4 v2/technology-geek/help_if_I_factory_reset_a_comp","raw_data/16-10-12 v2/18-25-4 v2/technology-geek","raw_data/16-10-12 v2/18-25-4 v2","raw_data/16-10-12 v2",technology-geek,"18-25-4 v2","16-10-12 v2"
"raw_data/16-10-12 v2/18-25-4 v2/technology-geek/quotThe_sky_is_just_awash_with/quotThe_sky_is_just_awash_with___COMMENTS.html","raw_data/16-10-12 v2/18-25-4 v2/technology-geek/quotThe_sky_is_just_awash_with/quotThe_sky_is_just_awash_with___LINK.html","raw_data/16-10-12 v2/18-25-4 v2/technology-geek/quotThe_sky_is_just_awash_with","raw_data/16-10-12 v2/18-25-4 v2/technology-geek","raw_data/16-10-12 v2/18-25-4 v2","raw_data/16-10-12 v2",technology-geek,"18-25-4 v2","16-10-12 v2"
,,"raw_data/16-10-12 v2/18-25-4 v2/technology-iphone/Anybody_else_on_iPhone_7_getti","raw_data/16-10-12 v2/18-25-4 v2/technology-iphone","raw_data/16-10-12 v2/18-25-4 v2","raw_data/16-10-12 v2",technology-iphone,"18-25-4 v2","16-10-12 v2"
"raw_data/16-10-12 v2/18-25-4 v2/technology-iphone/Brand_new_iPhone_7_has_someone/Brand_new_iPhone_7_has_someone___COMMENTS.html","raw_data/16-10-12 v2/18-25-4 v2/technology-iphone/Brand_new_iPhone_7_has_someone/Brand_new_iPhone_7_has_someone___LINK.html","raw_data/16-10-12 v2/18-25-4 v2/technology-iphone/Brand_new_iPhone_7_has_someone","raw_data/16-10-12 v2/18-25-4 v2/technology-iphone","raw_data/16-10-12 v2/18-25-4 v2","raw_data/16-10-12 v2",technology-iphone,"18-25-4 v2","16-10-12 v2"
"raw_data/16-10-12 v2/18-25-4 v2/technology-iphone/Bug_iPhone_7_buttons_stop_resp/Bug_iPhone_7_buttons_stop_resp___COMMENTS.html","raw_data/16-10-12 v2/18-25-4 v2/technology-iphone/Bug_iPhone_7_buttons_stop_resp/Bug_iPhone_7_buttons_stop_resp___LINK.html","raw_data/16-10-12 v2/18-25-4 v2/technology-iphone/Bug_iPhone_7_buttons_stop_resp","raw_data/16-10-12 v2/18-25-4 v2/technology-iphone","raw_data/16-10-12 v2/18-25-4 v2","raw_data/16-10-12 v2",technology-iphone,"18-25-4 v2","16-10-12 v2"
"raw_data/16-10-12 v2/18-25-4 v2/technology-iphone/Bug_with_Notifications_iPhone_/Bug_with_Notifications_iPhone____LINK.html",,"raw_data/16-10-12 v2/18-25-4 v2/technology-iphone/Bug_with_Notifications_iPhone_","raw_data/16-10-12 v2/18-25-4 v2/technology-iphone","raw_data/16-10-12 v2/18-25-4 v2","raw_data/16-10-12 v2",technology-iphone,"18-25-4 v2","16-10-12 v2"
,,"raw_data/16-10-12 v2/18-25-4 v2/technology-iphone/Can_you_forward_text_messages_","raw_data/16-10-12 v2/18-25-4 v2/technology-iphone","raw_data/16-10-12 v2/18-25-4 v2","raw_data/16-10-12 v2",technology-iphone,"18-25-4 v2","16-10-12 v2"
"raw_data/16-10-12 v2/18-25-4 v2/technology-iphone/Extracting_the_4K_movie_from_t/Extracting_the_4K_movie_from_t___COMMENTS.html",,"raw_data/16-10-12 v2/18-25-4 v2/technology-iphone/Extracting_the_4K_movie_from_t","raw_data/16-10-12 v2/18-25-4 v2/technology-iphone","raw_data/16-10-12 v2/18-25-4 v2","raw_data/16-10-12 v2",technology-iphone,"18-25-4 v2","16-10-12 v2"
,,"raw_data/16-10-12 v2/18-25-4 v2/technology-iphone/Plastic_surgery_for_my_iPhone_","raw_data/16-10-12 v2/18-25-4 v2/technology-iphone","raw_data/16-10-12 v2/18-25-4 v2","raw_data/16-10-12 v2",technology-iphone,"18-25-4 v2","16-10-12 v2"
"raw_data/16-10-12 v2/18-25-4 v2/technology-iphone/iPhone_Photography_Thread_for_/iPhone_Photography_Thread_for____LINK.html",,"raw_data/16-10-12 v2/18-25-4 v2/technology-iphone/iPhone_Photography_Thread_for_","raw_data/16-10-12 v2/18-25-4 v2/technology-iphone","raw_data/16-10-12 v2/18-25-4 v2","raw_data/16-10-12 v2",technology-iphone,"18-25-4 v2","16-10-12 v2"
"raw_data/16-10-12 v2/18-25-4 v2/technology-iphone/iPhone_buttons_all_stop_workin/iPhone_buttons_all_stop_workin___COMMENTS.html",,"raw_data/16-10-12 v2/18-25-4 v2/technology-iphone/iPhone_buttons_all_stop_workin","raw_data/16-10-12 v2/18-25-4 v2/technology-iphone","raw_data/16-10-12 v2/18-25-4 v2","raw_data/16-10-12 v2",technology-iphone,"18-25-4 v2","16-10-12 v2"
,,"raw_data/16-10-12 v2/18-25-4 v2/technology-learnprogramming/Computer_Architectu","raw_data/16-10-12 v2/18-25-4 v2/technology-learnprogramming","raw_data/16-10-12 v2/18-25-4 v2","raw_data/16-10-12 v2",technology-learnprogramming,"18-25-4 v2","16-10-12 v2"
"raw_data/16-10-12 v2/18-25-4 v2/technology-learnprogramming/Decided_to_start_meeting_up_wi/Decided_to_start_meeting_up_wi___COMMENTS.html","raw_data/16-10-12 v2/18-25-4 v2/technology-learnprogramming/Decided_to_start_meeting_up_wi/Decided_to_start_meeting_up_wi___LINK.html","raw_data/16-10-12 v2/18-25-4 v2/technology-learnprogramming/Decided_to_start_meeting_up_wi","raw_data/16-10-12 v2/18-25-4 v2/technology-learnprogramming","raw_data/16-10-12 v2/18-25-4 v2","raw_data/16-10-12 v2",technology-learnprogramming,"18-25-4 v2","16-10-12 v2"
"raw_data/16-10-12 v2/18-25-4 v2/technology-learnprogramming/Java_Need_this_code_in_two_cla/Java_Need_this_code_in_two_cla___COMMENTS.html","raw_data/16-10-12 v2/18-25-4 v2/technology-learnprogramming/Java_Need_this_code_in_two_cla/Java_Need_this_code_in_two_cla___LINK.html","raw_data/16-10-12 v2/18-25-4 v2/technology-learnprogramming/Java_Need_this_code_in_two_cla","raw_data/16-10-12 v2/18-25-4 v2/technology-learnprogramming","raw_data/16-10-12 v2/18-25-4 v2","raw_data/16-10-12 v2",technology-learnprogramming,"18-25-4 v2","16-10-12 v2"
"raw_data/16-10-12 v2/18-25-4 v2/technology-learnprogramming/Starting_at_a_bachelor_degree_/Starting_at_a_bachelor_degree____COMMENTS.html","raw_data/16-10-12 v2/18-25-4 v2/technology-learnprogramming/Starting_at_a_bachelor_degree_/Starting_at_a_bachelor_degree____LINK.html","raw_data/16-10-12 v2/18-25-4 v2/technology-learnprogramming/Starting_at_a_bachelor_degree_","raw_data/16-10-12 v2/18-25-4 v2/technology-learnprogramming","raw_data/16-10-12 v2/18-25-4 v2","raw_data/16-10-12 v2",technology-learnprogramming,"18-25-4 v2","16-10-12 v2"
"raw_data/16-10-12 v2/18-25-4 v2/technology-learnprogramming/Thank_You_rlearnprogrammin/Thank_You_rlearnprogrammin___COMMENTS.html","raw_data/16-10-12 v2/18-25-4 v2/technology-learnprogramming/Thank_You_rlearnprogrammin/Thank_You_rlearnprogrammin___LINK.html","raw_data/16-10-12 v2/18-25-4 v2/technology-learnprogramming/Thank_You_rlearnprogrammin","raw_data/16-10-12 v2/18-25-4 v2/technology-learnprogramming","raw_data/16-10-12 v2/18-25-4 v2","raw_data/16-10-12 v2",technology-learnprogramming,"18-25-4 v2","16-10-12 v2"
"raw_data/16-10-12 v2/18-25-4 v2/technology-learnprogramming/Tips_to_understand_programming/Tips_to_understand_programming___COMMENTS.html","raw_data/16-10-12 v2/18-25-4 v2/technology-learnprogramming/Tips_to_understand_programming/Tips_to_understand_programming___LINK.html","raw_data/16-10-12 v2/18-25-4 v2/technology-learnprogramming/Tips_to_understand_programming","raw_data/16-10-12 v2/18-25-4 v2/technology-learnprogramming","raw_data/16-10-12 v2/18-25-4 v2","raw_data/16-10-12 v2",technology-learnprogramming,"18-25-4 v2","16-10-12 v2"
"raw_data/16-10-12 v2/18-25-4 v2/technology-learnprogramming/Trying_to_refactor_program_wit/Trying_to_refactor_program_wit___COMMENTS.html","raw_data/16-10-12 v2/18-25-4 v2/technology-learnprogramming/Trying_to_refactor_program_wit/Trying_to_refactor_program_wit___LINK.html","raw_data/16-10-12 v2/18-25-4 v2/technology-learnprogramming/Trying_to_refactor_program_wit","raw_data/16-10-12 v2/18-25-4 v2/technology-learnprogramming","raw_data/16-10-12 v2/18-25-4 v2","raw_data/16-10-12 v2",technology-learnprogramming,"18-25-4 v2","16-10-12 v2"
"raw_data/16-10-12 v2/18-25-4 v2/technology-learnprogramming/Which_quotboot_campquot_progra/Which_quotboot_campquot_progra___COMMENTS.html","raw_data/16-10-12 v2/18-25-4 v2/technology-learnprogramming/Which_quotboot_campquot_progra/Which_quotboot_campquot_progra___LINK.html","raw_data/16-10-12 v2/18-25-4 v2/technology-learnprogramming/Which_quotboot_campquot_progra","raw_data/16-10-12 v2/18-25-4 v2/technology-learnprogramming","raw_data/16-10-12 v2/18-25-4 v2","raw_data/16-10-12 v2",technology-learnprogramming,"18-25-4 v2","16-10-12 v2"
"raw_data/16-10-12 v2/18-25-4 v2/technology-programming/Building_Icons_in_Xcode_with_S/Building_Icons_in_Xcode_with_S___COMMENTS.html","raw_data/16-10-12 v2/18-25-4 v2/technology-programming/Building_Icons_in_Xcode_with_S/Building_Icons_in_Xcode_with_S___LINK.html","raw_data/16-10-12 v2/18-25-4 v2/technology-programming/Building_Icons_in_Xcode_with_S","raw_data/16-10-12 v2/18-25-4 v2/technology-programming","raw_data/16-10-12 v2/18-25-4 v2","raw_data/16-10-12 v2",technology-programming,"18-25-4 v2","16-10-12 v2"
"raw_data/16-10-12 v2/18-25-4 v2/technology-programming/Programming_a_144-computer_Chi/Programming_a_144-computer_Chi___COMMENTS.html","raw_data/16-10-12 v2/18-25-4 v2/technology-programming/Programming_a_144-computer_Chi/Programming_a_144-computer_Chi___LINK.html","raw_data/16-10-12 v2/18-25-4 v2/technology-programming/Programming_a_144-computer_Chi","raw_data/16-10-12 v2/18-25-4 v2/technology-programming","raw_data/16-10-12 v2/18-25-4 v2","raw_data/16-10-12 v2",technology-programming,"18-25-4 v2","16-10-12 v2"
"raw_data/16-10-12 v2/18-25-4 v2/technology-programming/Python_programming_tutorial_fo/Python_programming_tutorial_fo___COMMENTS.html","raw_data/16-10-12 v2/18-25-4 v2/technology-programming/Python_programming_tutorial_fo/Python_programming_tutorial_fo___LINK.html","raw_data/16-10-12 v2/18-25-4 v2/technology-programming/Python_programming_tutorial_fo","raw_data/16-10-12 v2/18-25-4 v2/technology-programming","raw_data/16-10-12 v2/18-25-4 v2","raw_data/16-10-12 v2",technology-programming,"18-25-4 v2","16-10-12 v2"
"raw_data/16-10-12 v2/18-25-4 v2/technology-programming/Technique_allows_attackers_to_/Technique_allows_attackers_to____COMMENTS.html","raw_data/16-10-12 v2/18-25-4 v2/technology-programming/Technique_allows_attackers_to_/Technique_allows_attackers_to____LINK.html","raw_data/16-10-12 v2/18-25-4 v2/technology-programming/Technique_allows_attackers_to_","raw_data/16-10-12 v2/18-25-4 v2/technology-programming","raw_data/16-10-12 v2/18-25-4 v2","raw_data/16-10-12 v2",technology-programming,"18-25-4 v2","16-10-12 v2"
"raw_data/16-10-12 v2/18-25-4 v2/technology-talesfromtechsupport/No_you_cant_complain_-_the_com/No_you_cant_complain_-_the_com___COMMENTS.html","raw_data/16-10-12 v2/18-25-4 v2/technology-talesfromtechsupport/No_you_cant_complain_-_the_com/No_you_cant_complain_-_the_com___LINK.html","raw_data/16-10-12 v2/18-25-4 v2/technology-talesfromtechsupport/No_you_cant_complain_-_the_com","raw_data/16-10-12 v2/18-25-4 v2/technology-talesfromtechsupport","raw_data/16-10-12 v2/18-25-4 v2","raw_data/16-10-12 v2",technology-talesfromtechsupport,"18-25-4 v2","16-10-12 v2"
"raw_data/16-10-12 v2/18-25-4 v2/technology-technology/Ethical_arguments_wont_end_fac/Ethical_arguments_wont_end_fac___COMMENTS.html","raw_data/16-10-12 v2/18-25-4 v2/technology-technology/Ethical_arguments_wont_end_fac/Ethical_arguments_wont_end_fac___LINK.html","raw_data/16-10-12 v2/18-25-4 v2/technology-technology/Ethical_arguments_wont_end_fac","raw_data/16-10-12 v2/18-25-4 v2/technology-technology","raw_data/16-10-12 v2/18-25-4 v2","raw_data/16-10-12 v2",technology-technology,"18-25-4 v2","16-10-12 v2"
"raw_data/16-10-12 v2/18-25-4 v2/technology-technology/Fresno_woman_says_iPhone_explo/Fresno_woman_says_iPhone_explo___COMMENTS.html","raw_data/16-10-12 v2/18-25-4 v2/technology-technology/Fresno_woman_says_iPhone_explo/Fresno_woman_says_iPhone_explo___LINK.html","raw_data/16-10-12 v2/18-25-4 v2/technology-technology/Fresno_woman_says_iPhone_explo","raw_data/16-10-12 v2/18-25-4 v2/technology-technology","raw_data/16-10-12 v2/18-25-4 v2","raw_data/16-10-12 v2",technology-technology,"18-25-4 v2","16-10-12 v2"
"raw_data/16-10-12 v2/18-25-4 v2/technology-technology/Got_a_tech_question_or_want_to/Got_a_tech_question_or_want_to___COMMENTS.html","raw_data/16-10-12 v2/18-25-4 v2/technology-technology/Got_a_tech_question_or_want_to/Got_a_tech_question_or_want_to___LINK.html","raw_data/16-10-12 v2/18-25-4 v2/technology-technology/Got_a_tech_question_or_want_to","raw_data/16-10-12 v2/18-25-4 v2/technology-technology","raw_data/16-10-12 v2/18-25-4 v2","raw_data/16-10-12 v2",technology-technology,"18-25-4 v2","16-10-12 v2"
"raw_data/16-10-12 v2/18-25-4 v2/technology-technology/Most_drivers_who_own_cars_with/Most_drivers_who_own_cars_with___COMMENTS.html","raw_data/16-10-12 v2/18-25-4 v2/technology-technology/Most_drivers_who_own_cars_with/Most_drivers_who_own_cars_with___LINK.html","raw_data/16-10-12 v2/18-25-4 v2/technology-technology/Most_drivers_who_own_cars_with","raw_data/16-10-12 v2/18-25-4 v2/technology-technology","raw_data/16-10-12 v2/18-25-4 v2","raw_data/16-10-12 v2",technology-technology,"18-25-4 v2","16-10-12 v2"
"raw_data/16-10-12 v2/18-25-4 v2/technology-technology/New_iPhone_7_Explodes_in_Mans_/New_iPhone_7_Explodes_in_Mans____COMMENTS.html","raw_data/16-10-12 v2/18-25-4 v2/technology-technology/New_iPhone_7_Explodes_in_Mans_/New_iPhone_7_Explodes_in_Mans____LINK.html","raw_data/16-10-12 v2/18-25-4 v2/technology-technology/New_iPhone_7_Explodes_in_Mans_","raw_data/16-10-12 v2/18-25-4 v2/technology-technology","raw_data/16-10-12 v2/18-25-4 v2","raw_data/16-10-12 v2",technology-technology,"18-25-4 v2","16-10-12 v2"
