relevant,"post name","link notes","comments notes","comments link","post link","match path","subreddit path","time path","date path","subreddit title","time title","date title"
1,"A response to that WSJ article telling women in tech to go by their initials",,,"data/data_collection/16-10-01 v1/07-00-57 SAVE/feminist-feminism/A_response_to_that_WSJ_article/A_response_to_that_WSJ_article___COMMENTS.html","data/data_collection/16-10-01 v1/07-00-57 SAVE/feminist-feminism/A_response_to_that_WSJ_article/A_response_to_that_WSJ_article___LINK.html","data/data_collection/16-10-01 v1/07-00-57 SAVE/feminist-feminism/A_response_to_that_WSJ_article","data/data_collection/16-10-01 v1/07-00-57 SAVE/feminist-feminism","data/data_collection/16-10-01 v1/07-00-57 SAVE","data/data_collection/16-10-01 v1",feminist-feminism,"07-00-57 SAVE","16-10-01 v1"
0,"What movies or shows have a female lead that is *not* entangled by romance?",,,"data/data_collection/16-10-01 v1/07-00-57 SAVE/general-AskReddit/What_movies_or_shows_have_a_fe/What_movies_or_shows_have_a_fe___COMMENTS.html","data/data_collection/16-10-01 v1/07-00-57 SAVE/general-AskReddit/What_movies_or_shows_have_a_fe/What_movies_or_shows_have_a_fe___LINK.html","data/data_collection/16-10-01 v1/07-00-57 SAVE/general-AskReddit/What_movies_or_shows_have_a_fe","data/data_collection/16-10-01 v1/07-00-57 SAVE/general-AskReddit","data/data_collection/16-10-01 v1/07-00-57 SAVE","data/data_collection/16-10-01 v1",general-AskReddit,"07-00-57 SAVE","16-10-01 v1"
0,"Women of Reddit: There's &quot;Guy code&quot; and &quot;Bro code&quot;, what are some details about &quot;Girl's Code&quot;?",,,"data/data_collection/16-10-01 v1/07-00-57 SAVE/general-AskReddit/Women_of_Reddit_Theres_quotGuy/Women_of_Reddit_Theres_quotGuy___COMMENTS.html","data/data_collection/16-10-01 v1/07-00-57 SAVE/general-AskReddit/Women_of_Reddit_Theres_quotGuy/Women_of_Reddit_Theres_quotGuy___LINK.html","data/data_collection/16-10-01 v1/07-00-57 SAVE/general-AskReddit/Women_of_Reddit_Theres_quotGuy","data/data_collection/16-10-01 v1/07-00-57 SAVE/general-AskReddit","data/data_collection/16-10-01 v1/07-00-57 SAVE","data/data_collection/16-10-01 v1",general-AskReddit,"07-00-57 SAVE","16-10-01 v1"
0,"102-year-old St. Louis woman checks ‘arrest’ off bucket list",,,"data/data_collection/16-10-01 v1/07-00-57 SAVE/general-all/102-year-old_St_Louis_woman_ch/102-year-old_St_Louis_woman_ch___COMMENTS.html","data/data_collection/16-10-01 v1/07-00-57 SAVE/general-all/102-year-old_St_Louis_woman_ch/102-year-old_St_Louis_woman_ch___LINK.html","data/data_collection/16-10-01 v1/07-00-57 SAVE/general-all/102-year-old_St_Louis_woman_ch","data/data_collection/16-10-01 v1/07-00-57 SAVE/general-all","data/data_collection/16-10-01 v1/07-00-57 SAVE","data/data_collection/16-10-01 v1",general-all,"07-00-57 SAVE","16-10-01 v1"
0,"Six years ago I had twins. Apparently my stretch marks have made the rounds on /r/WTF. Here they are six years later.",,,"data/data_collection/16-10-01 v1/07-00-57 SAVE/general-all/Six_years_ago_I_had_twins_Appa/Six_years_ago_I_had_twins_Appa___COMMENTS.html","data/data_collection/16-10-01 v1/07-00-57 SAVE/general-all/Six_years_ago_I_had_twins_Appa/Six_years_ago_I_had_twins_Appa___LINK.html","data/data_collection/16-10-01 v1/07-00-57 SAVE/general-all/Six_years_ago_I_had_twins_Appa","data/data_collection/16-10-01 v1/07-00-57 SAVE/general-all","data/data_collection/16-10-01 v1/07-00-57 SAVE","data/data_collection/16-10-01 v1",general-all,"07-00-57 SAVE","16-10-01 v1"
0,"Despite feigned pleas to stop, redditor unleashes impressive amount of exercise-ball gone wrong gifs",,,"data/data_collection/16-10-01 v1/07-00-57 SAVE/general-bestof/Despite_feigned_pleas_to_stop_/Despite_feigned_pleas_to_stop____COMMENTS.html","data/data_collection/16-10-01 v1/07-00-57 SAVE/general-bestof/Despite_feigned_pleas_to_stop_/Despite_feigned_pleas_to_stop____LINK.html","data/data_collection/16-10-01 v1/07-00-57 SAVE/general-bestof/Despite_feigned_pleas_to_stop_","data/data_collection/16-10-01 v1/07-00-57 SAVE/general-bestof","data/data_collection/16-10-01 v1/07-00-57 SAVE","data/data_collection/16-10-01 v1",general-bestof,"07-00-57 SAVE","16-10-01 v1"
0,"/u/ani625 gives an excellent, concise yet detailed explanation of recent tensions between India and Pakistan.",,,"data/data_collection/16-10-01 v1/07-00-57 SAVE/general-bestof/uani625_gives_an_excellent_con/uani625_gives_an_excellent_con___COMMENTS.html","data/data_collection/16-10-01 v1/07-00-57 SAVE/general-bestof/uani625_gives_an_excellent_con/uani625_gives_an_excellent_con___LINK.html","data/data_collection/16-10-01 v1/07-00-57 SAVE/general-bestof/uani625_gives_an_excellent_con","data/data_collection/16-10-01 v1/07-00-57 SAVE/general-bestof","data/data_collection/16-10-01 v1/07-00-57 SAVE","data/data_collection/16-10-01 v1",general-bestof,"07-00-57 SAVE","16-10-01 v1"
0,"102-year-old St. Louis woman checks ‘arrest’ off bucket list",,,"data/data_collection/16-10-01 v1/07-00-57 SAVE/general-frontpage/102-year-old_St_Louis_woman_ch/102-year-old_St_Louis_woman_ch___COMMENTS.html","data/data_collection/16-10-01 v1/07-00-57 SAVE/general-frontpage/102-year-old_St_Louis_woman_ch/102-year-old_St_Louis_woman_ch___LINK.html","data/data_collection/16-10-01 v1/07-00-57 SAVE/general-frontpage/102-year-old_St_Louis_woman_ch","data/data_collection/16-10-01 v1/07-00-57 SAVE/general-frontpage","data/data_collection/16-10-01 v1/07-00-57 SAVE","data/data_collection/16-10-01 v1",general-frontpage,"07-00-57 SAVE","16-10-01 v1"
0,"If human testing throughout history didnt take place how far would medicine and medical technology be?",,,"data/data_collection/16-10-01 v1/07-00-57 SAVE/general-frontpage/If_human_testing_throughout_hi/If_human_testing_throughout_hi___COMMENTS.html","data/data_collection/16-10-01 v1/07-00-57 SAVE/general-frontpage/If_human_testing_throughout_hi/If_human_testing_throughout_hi___LINK.html","data/data_collection/16-10-01 v1/07-00-57 SAVE/general-frontpage/If_human_testing_throughout_hi","data/data_collection/16-10-01 v1/07-00-57 SAVE/general-frontpage","data/data_collection/16-10-01 v1/07-00-57 SAVE","data/data_collection/16-10-01 v1",general-frontpage,"07-00-57 SAVE","16-10-01 v1"
1,"[WP] You've been sent into an alternate dimension where music is magic: choirs can change the weather and orchestras can topple castle walls. With your digital music device (iPhone, MP3 player, whichever), you've just become the most powerful wizard in the world.",,,"data/data_collection/16-10-01 v1/07-00-57 SAVE/general-frontpage/WP_Youve_been_sent_into_an_alt/WP_Youve_been_sent_into_an_alt___COMMENTS.html","data/data_collection/16-10-01 v1/07-00-57 SAVE/general-frontpage/WP_Youve_been_sent_into_an_alt/WP_Youve_been_sent_into_an_alt___LINK.html","data/data_collection/16-10-01 v1/07-00-57 SAVE/general-frontpage/WP_Youve_been_sent_into_an_alt","data/data_collection/16-10-01 v1/07-00-57 SAVE/general-frontpage","data/data_collection/16-10-01 v1/07-00-57 SAVE","data/data_collection/16-10-01 v1",general-frontpage,"07-00-57 SAVE","16-10-01 v1"
0,"Lethal doses of heroin and fentanyl side by side",,,"data/data_collection/16-10-01 v1/07-00-57 SAVE/general-pics/Lethal_doses_of_heroin_and_fen/Lethal_doses_of_heroin_and_fen___COMMENTS.html","data/data_collection/16-10-01 v1/07-00-57 SAVE/general-pics/Lethal_doses_of_heroin_and_fen/Lethal_doses_of_heroin_and_fen___LINK.html","data/data_collection/16-10-01 v1/07-00-57 SAVE/general-pics/Lethal_doses_of_heroin_and_fen","data/data_collection/16-10-01 v1/07-00-57 SAVE/general-pics","data/data_collection/16-10-01 v1/07-00-57 SAVE","data/data_collection/16-10-01 v1",general-pics,"07-00-57 SAVE","16-10-01 v1"
0,"TIL that in 1993, a researcher &quot;discovered&quot; and actually published their method on finding the area under a curve... essentially forgetting that calculus existed for 400 years already.",,,"data/data_collection/16-10-01 v1/07-00-57 SAVE/general-todayilearned/TIL_that_in_1993_a_researcher_/TIL_that_in_1993_a_researcher____COMMENTS.html","data/data_collection/16-10-01 v1/07-00-57 SAVE/general-todayilearned/TIL_that_in_1993_a_researcher_/TIL_that_in_1993_a_researcher____LINK.html","data/data_collection/16-10-01 v1/07-00-57 SAVE/general-todayilearned/TIL_that_in_1993_a_researcher_","data/data_collection/16-10-01 v1/07-00-57 SAVE/general-todayilearned","data/data_collection/16-10-01 v1/07-00-57 SAVE","data/data_collection/16-10-01 v1",general-todayilearned,"07-00-57 SAVE","16-10-01 v1"
0,"Vue 2.0 is Here! – The Vue Point",,,"data/data_collection/16-10-01 v1/07-00-57 SAVE/technology-programming/Vue_20_is_Here__The_Vue_Poi/Vue_20_is_Here__The_Vue_Poi___COMMENTS.html","data/data_collection/16-10-01 v1/07-00-57 SAVE/technology-programming/Vue_20_is_Here__The_Vue_Poi/Vue_20_is_Here__The_Vue_Poi___LINK.html","data/data_collection/16-10-01 v1/07-00-57 SAVE/technology-programming/Vue_20_is_Here__The_Vue_Poi","data/data_collection/16-10-01 v1/07-00-57 SAVE/technology-programming","data/data_collection/16-10-01 v1/07-00-57 SAVE","data/data_collection/16-10-01 v1",technology-programming,"07-00-57 SAVE","16-10-01 v1"
0,"A Massive Cable Industry Disinformation Effort Just Crushed The FCC's Plan For Cable Box Competition",,,"data/data_collection/16-10-01 v1/07-00-57 SAVE/technology-technology/A_Massive_Cable_Industry_Disin/A_Massive_Cable_Industry_Disin___COMMENTS.html","data/data_collection/16-10-01 v1/07-00-57 SAVE/technology-technology/A_Massive_Cable_Industry_Disin/A_Massive_Cable_Industry_Disin___LINK.html","data/data_collection/16-10-01 v1/07-00-57 SAVE/technology-technology/A_Massive_Cable_Industry_Disin","data/data_collection/16-10-01 v1/07-00-57 SAVE/technology-technology","data/data_collection/16-10-01 v1/07-00-57 SAVE","data/data_collection/16-10-01 v1",technology-technology,"07-00-57 SAVE","16-10-01 v1"
0,"Rubidium pushes perovskite solar cells to 21.6% efficiency",,,"data/data_collection/16-10-01 v1/07-00-57 SAVE/technology-technology/Rubidium_pushes_perovskite_sol/Rubidium_pushes_perovskite_sol___COMMENTS.html","data/data_collection/16-10-01 v1/07-00-57 SAVE/technology-technology/Rubidium_pushes_perovskite_sol/Rubidium_pushes_perovskite_sol___LINK.html","data/data_collection/16-10-01 v1/07-00-57 SAVE/technology-technology/Rubidium_pushes_perovskite_sol","data/data_collection/16-10-01 v1/07-00-57 SAVE/technology-technology","data/data_collection/16-10-01 v1/07-00-57 SAVE","data/data_collection/16-10-01 v1",technology-technology,"07-00-57 SAVE","16-10-01 v1"
0,"USB-IF Publishes Audio over USB Type-C Specifications",,,"data/data_collection/16-10-01 v1/07-00-57 SAVE/technology-technology/USB-IF_Publishes_Audio_over_US/USB-IF_Publishes_Audio_over_US___COMMENTS.html","data/data_collection/16-10-01 v1/07-00-57 SAVE/technology-technology/USB-IF_Publishes_Audio_over_US/USB-IF_Publishes_Audio_over_US___LINK.html","data/data_collection/16-10-01 v1/07-00-57 SAVE/technology-technology/USB-IF_Publishes_Audio_over_US","data/data_collection/16-10-01 v1/07-00-57 SAVE/technology-technology","data/data_collection/16-10-01 v1/07-00-57 SAVE","data/data_collection/16-10-01 v1",technology-technology,"07-00-57 SAVE","16-10-01 v1"
